<?xml version="1.0" encoding="UTF-8" standalone="yes"?>
<addon id="plugin.program.downloaderstartup" name="DownloaderStartup" version="20.0.1b" provider-name="Tk, W">
	<requires>
		<import addon="xbmc.python" version="3.0.0"/>
		
		
		
		
		
plugin.video.favourites		
	</requires>
	<extension point="xbmc.python.pluginsource" library="main.py">
		<provides>executable</provides>
	</extension>
	<extension point="xbmc.service" library="service.py" />
	<extension point="xbmc.addon.metadata">
		<summary lang="en_GB">DownloaderStartup</summary>
		<description lang="el_GR">DownloaderStartup</description>
		<disclaimer lang="en_GB">DownloaderStartup</disclaimer>
		<platform>all</platform>
		<license>GPL-2.0-or-later</license>
		<assets>
			<icon>icon.png</icon>
			<fanart>fanart.jpg</fanart>
		</assets>
	</extension>
</addon>