<?xml version="1.0" encoding="UTF-8"?>
<window>
	<defaultcontrol>1000</defaultcontrol>
	<include>dialogeffect</include>
	<coordinates>
		<left>0</left>
		<top>0</top>
	</coordinates>
	<controls>
		<control type="image" id="999">
			<description>background image</description>
			<left>0</left>
			<top>0</top>
			<width>340</width>
			<height>720</height>
			<texture border="20">DialogBack.png</texture>
		</control>
		<control type="grouplist" id="996">
			<description>grouplist for context buttons</description>
			<left>20</left>
			<top>30</top>
			<width>300</width>
			<height max="670">auto</height>
			<itemgap>2</itemgap>
				<control type="button" id="614">
					<left/>
					<top/>
					<width>300</width>
					<height>38</height>
					<font>fontContextMenu</font>
					<align>center</align>
					<textcolor>grey2</textcolor>
					<focusedcolor>white</focusedcolor>
					<label>Addon Settings</label>
					<onclick>Addon.OpenSettings($INFO[Container.PluginName])</onclick>
					<visible>!String.IsEmpty(Container.PluginName)</visible>
				</control>
				<control type="button" id="1614">
					<left/>
					<top/>
					<width>300</width>
					<height>38</height>
					<font>fontContextMenu</font>
					<align>center</align>
					<textcolor>grey2</textcolor>
					<focusedcolor>white</focusedcolor>
					<label>Pair sites tool</label>
					<onclick>RunAddon(script.gkobu.pairwith)</onclick>
				</control>
				<control type="button" id="1615">
					<left/>
					<top/>
					<width>300</width>
					<height>38</height>
					<font>fontContextMenu</font>
					<align>center</align>
					<textcolor>grey2</textcolor>
					<focusedcolor>white</focusedcolor>
					<label>[COLOR goldenrod]Clear Cache/Providers[/COLOR] </label>
					<onclick>RunPlugin("plugin://plugin.program.G.K.N.Wizard/?mode=clearcache")</onclick>
				</control>
				<control type="button" id="1616">
					<left/>
					<top/>
					<width>300</width>
					<height>38</height>
					<font>fontContextMenu</font>
					<align>center</align>
					<textcolor>grey2</textcolor>
					<focusedcolor>white</focusedcolor>
					<label>[COLOR tomato]Search for Subs(manualy)[/COLOR] </label>
					<onclick>ActivateWindow(subtitlesearch)</onclick>
					<visible>!Window.IsActive(10700) + String.IsEmpty(ListItem.Year) + [!ListItem.IsFolder | Window.IsVisible(videos)]</visible>
				</control>
				<control type="button" id="1617">
					<left/>
					<top/>
					<width>300</width>
					<height>38</height>
					<font>fontContextMenu</font>
					<align>center</align>
					<textcolor>grey2</textcolor>
					<focusedcolor>white</focusedcolor>
					<label>[COLOR limegreen]Search for Subs[/COLOR] </label>
					<onclick>ActivateWindow(subtitlesearch)</onclick>
					<visible>!Window.IsActive(10700) + !String.IsEmpty(ListItem.Title) + !String.IsEmpty(ListItem.Year) + !ListItem.IsFolder</visible>
				</control>
				<control type="button" id="1618">
					<left/>
					<top/>
					<width>300</width>
					<height>38</height>
					<font>fontContextMenu</font>
					<align>center</align>
					<textcolor>grey2</textcolor>
					<focusedcolor>white</focusedcolor>
					<label>[COLOR lightgreen]Βοηθός αλλαγής Πύλης[/COLOR] </label>
					<onclick>ActivateWindow(10001,"plugin://plugin.program.downloader/stalkerindex/")</onclick>
					<visible>Window.IsActive(10700) + System.HasAddon(pvr.stalker)</visible>
				</control>
				<control type="button" id="1619">
					<left/>
					<top/>
					<width>300</width>
					<height>38</height>
					<font>fontContextMenu</font>
					<align>center</align>
					<textcolor>grey2</textcolor>
					<focusedcolor>white</focusedcolor>
					<label>[COLOR lightgreen]Restart Stalker Client[/COLOR] </label>
					<onclick>RunPlugin(plugin://plugin.program.downloader/restartstalker/)</onclick>
					<visible>Window.IsActive(10700) + System.HasAddon(pvr.stalker)</visible>
				</control>
		</control>
		<control type="button">
			<description>Close Window button</description>
			<left>260</left>
			<top>5</top>
			<width>64</width>
			<height>32</height>
			<label/>
			<font/>
			<onclick>PreviousMenu</onclick>
			<texturefocus>DialogCloseButton-focus.png</texturefocus>
			<texturenofocus>DialogCloseButton.png</texturenofocus>
			<onleft>2</onleft>
			<onright>2</onright>
			<onup>2</onup>
			<ondown>2</ondown>
			<visible>system.getbool(input.enablemouse)</visible>
		</control>
		<control type="button" id="1000">
			<description>button template</description>
			<left/>
			<top/>
			<width>300</width>
			<height>38</height>
			<font>fontContextMenu</font>
			<align>center</align>
			<textcolor>grey2</textcolor>
			<focusedcolor>white</focusedcolor>
			<texturefocus border="5">button-focus.png</texturefocus>
		</control>
	</controls>
</window>
