<?xml version="1.0" encoding="UTF-8"?>
<includes>
	<include name="HomeSubMenuVideos">
		<control type="image" id="90101">
			<width>35</width>
			<height>35</height>
			<texture border="0,0,0,3" flipx="true">HomeSubEnd.png</texture>
		</control>
		<control type="button" id="90401">
			<include>ButtonHomeSubCommonValues</include>
			<label>$LOCALIZE[137] TMDB Helper</label>
			<onclick>ActivateWindow(10025,&quot;plugin://plugin.video.themoviedb.helper/?info=dir_multisearch&amp;plugin_category=Search&amp;tmdb_type=None&quot;,return)</onclick>
		</control>
		<control type="button" id="90402">
			<include>ButtonHomeSubCommonValues</include>
			<label>$LOCALIZE[342] TMDB Helper</label>
			<onclick>ActivateWindow(10025,&quot;plugin://plugin.video.themoviedb.helper/?info=dir_movie&amp;plugin_category=Movies&amp;tmdb_type=None&quot;,return)</onclick>
		</control>
		<control type="button" id="90403">
			<include>ButtonHomeSubCommonValues</include>
			<label>$LOCALIZE[20343] TMDB Helper</label>
			<onclick>ActivateWindow(10025,&quot;plugin://plugin.video.themoviedb.helper/?info=dir_tv&amp;plugin_category=TV%20shows&amp;tmdb_type=None&quot;,return)</onclick>
		</control>
		<control type="button" id="90404">
			<include>ButtonHomeSubCommonValues</include>
			<label>Super $LOCALIZE[1036]</label>
			<onclick>ActivateWindow(Programs,"plugin://plugin.program.super.favourites")</onclick>
		</control>
		<control type="button" id="90102">
			<include>ButtonHomeSubCommonValues</include>
			<label>342</label>
			<onclick>ActivateWindow(Videos,MovieTitles,return)</onclick>
			<visible>Library.HasContent(Movies) + Skin.HasSetting(HomeMenuNoMovieButton)</visible>
		</control>
		<control type="button" id="90103">
			<include>ButtonHomeSubCommonValues</include>
			<label>20343</label>
			<onclick>ActivateWindow(Videos,TvShowTitles,return)</onclick>
			<visible>Library.HasContent(TVShows) + Skin.HasSetting(HomeMenuNoTVShowButton)</visible>
		</control>
		<control type="button" id="90104">
			<include>ButtonHomeSubCommonValues</include>
			<label>20389</label>
			<onclick>ActivateWindow(Videos,MusicVideoTitles,return)</onclick>
			<visible>Library.HasContent(MusicVideos)</visible>
		</control>
		<control type="button" id="90105">
			<include>ButtonHomeSubCommonValues</include>
			<label>744</label>
			<onclick>ActivateWindow(Videos,Files,return)</onclick>
		</control>
		<control type="button" id="90106">
			<include>ButtonHomeSubCommonValues</include>
			<label>14022</label>
			<onclick>ActivateWindow(Videos,Root)</onclick>
			<visible>Library.HasContent(Video)</visible>
		</control>
		<control type="button" id="90107">
			<include>ButtonHomeSubCommonValues</include>
			<label>24001</label>
			<onclick>ActivateWindow(Videos,Addons,return)</onclick>
		</control>
		<control type="image" id="90108">
			<width>35</width>
			<height>35</height>
			<texture border="0,0,0,3">HomeSubEnd.png</texture>
		</control>
	</include>
	<include name="HomeSubMenuMovies">
		<control type="image" id="90161">
			<width>35</width>
			<height>35</height>
			<texture border="0,0,0,3" flipx="true">HomeSubEnd.png</texture>
		</control>
		<control type="button" id="90162">
			<include>ButtonHomeSubCommonValues</include>
			<label>$INFO[Container(90160).ListItemNoWrap(0).Label]</label>
			<onclick>ActivateWindow(Videos,$INFO[Container(90160).ListItemNoWrap(0).FileNameAndPath],return)</onclick>
		</control>
		<control type="button" id="90163">
			<include>ButtonHomeSubCommonValues</include>
			<label>$INFO[Container(90160).ListItemNoWrap(1).Label]</label>
			<onclick>ActivateWindow(Videos,$INFO[Container(90160).ListItemNoWrap(1).FileNameAndPath],return)</onclick>
			<visible>!String.IsEmpty(Container(90160).ListItemNoWrap(1).Label)</visible>
		</control>
		<control type="button" id="90164">
			<include>ButtonHomeSubCommonValues</include>
			<label>$INFO[Container(90160).ListItemNoWrap(2).Label]</label>
			<onclick>ActivateWindow(Videos,$INFO[Container(90160).ListItemNoWrap(2).FileNameAndPath],return)</onclick>
			<visible>!String.IsEmpty(Container(90160).ListItemNoWrap(2).Label)</visible>
		</control>
		<control type="button" id="90165">
			<include>ButtonHomeSubCommonValues</include>
			<label>$INFO[Container(90160).ListItemNoWrap(3).Label]</label>
			<onclick>ActivateWindow(Videos,$INFO[Container(90160).ListItemNoWrap(3).FileNameAndPath],return)</onclick>
			<visible>!String.IsEmpty(Container(90160).ListItemNoWrap(3).Label)</visible>
		</control>
		<control type="button" id="90166">
			<include>ButtonHomeSubCommonValues</include>
			<label>$INFO[Container(90160).ListItemNoWrap(4).Label]</label>
			<onclick>ActivateWindow(Videos,$INFO[Container(90160).ListItemNoWrap(4).FileNameAndPath],return)</onclick>
			<visible>!String.IsEmpty(Container(90160).ListItemNoWrap(4).Label)</visible>
		</control>
		<control type="button" id="90167">
			<include>ButtonHomeSubCommonValues</include>
			<label>$INFO[Container(90160).ListItemNoWrap(5).Label]</label>
			<onclick>ActivateWindow(Videos,$INFO[Container(90160).ListItemNoWrap(5).FileNameAndPath],return)</onclick>
			<visible>!String.IsEmpty(Container(90160).ListItemNoWrap(5).Label)</visible>
		</control>
		<control type="image" id="90168">
			<width>35</width>
			<height>35</height>
			<texture border="0,0,0,3">HomeSubEnd.png</texture>
		</control>
	</include>
	<include name="HomeSubMenuTVShows">
		<control type="image" id="90171">
			<width>35</width>
			<height>35</height>
			<texture border="0,0,0,3" flipx="true">HomeSubEnd.png</texture>
		</control>
		<control type="button" id="90172">
			<include>ButtonHomeSubCommonValues</include>
			<label>$INFO[Container(90170).ListItemNoWrap(0).Label]</label>
			<onclick>ActivateWindow(Videos,$INFO[Container(90170).ListItemNoWrap(0).FileNameAndPath],return)</onclick>
		</control>
		<control type="button" id="90173">
			<include>ButtonHomeSubCommonValues</include>
			<label>$INFO[Container(90170).ListItemNoWrap(1).Label]</label>
			<onclick>ActivateWindow(Videos,$INFO[Container(90170).ListItemNoWrap(1).FileNameAndPath],return)</onclick>
			<visible>!String.IsEmpty(Container(90170).ListItemNoWrap(1).Label)</visible>
		</control>
		<control type="button" id="90174">
			<include>ButtonHomeSubCommonValues</include>
			<label>$INFO[Container(90170).ListItemNoWrap(2).Label]</label>
			<onclick>ActivateWindow(Videos,$INFO[Container(90170).ListItemNoWrap(2).FileNameAndPath],return)</onclick>
			<visible>!String.IsEmpty(Container(90170).ListItemNoWrap(2).Label)</visible>
		</control>
		<control type="button" id="90175">
			<include>ButtonHomeSubCommonValues</include>
			<label>$INFO[Container(90170).ListItemNoWrap(3).Label]</label>
			<onclick>ActivateWindow(Videos,$INFO[Container(90170).ListItemNoWrap(3).FileNameAndPath],return)</onclick>
			<visible>!String.IsEmpty(Container(90170).ListItemNoWrap(3).Label)</visible>
		</control>
		<control type="button" id="90176">
			<include>ButtonHomeSubCommonValues</include>
			<label>$INFO[Container(90170).ListItemNoWrap(4).Label]</label>
			<onclick>ActivateWindow(Videos,$INFO[Container(90170).ListItemNoWrap(4).FileNameAndPath],return)</onclick>
			<visible>!String.IsEmpty(Container(90170).ListItemNoWrap(4).Label)</visible>
		</control>
		<control type="button" id="90177">
			<include>ButtonHomeSubCommonValues</include>
			<label>$INFO[Container(90170).ListItemNoWrap(5).Label]</label>
			<onclick>ActivateWindow(Videos,$INFO[Container(90170).ListItemNoWrap(5).FileNameAndPath],return)</onclick>
			<visible>!String.IsEmpty(Container(90170).ListItemNoWrap(5).Label)</visible>
		</control>
		<control type="image" id="90178">
			<width>35</width>
			<height>35</height>
			<texture border="0,0,0,3">HomeSubEnd.png</texture>
		</control>
	</include>
	<include name="HomeSubMenuMusic">
		<control type="image" id="90111">
			<width>35</width>
			<height>35</height>
			<texture border="0,0,0,3" flipx="true">HomeSubEnd.png</texture>
		</control>
		<control type="button" id="90112">
			<include>ButtonHomeSubCommonValues</include>
			<label>$INFO[Container(90110).ListItemNoWrap(0).Label]</label>
			<onclick>ActivateWindow(Music,$INFO[Container(90110).ListItemNoWrap(0).FileNameAndPath],return)</onclick>
		</control>
		<control type="button" id="90113">
			<include>ButtonHomeSubCommonValues</include>
			<label>$INFO[Container(90110).ListItemNoWrap(1).Label]</label>
			<onclick>ActivateWindow(Music,$INFO[Container(90110).ListItemNoWrap(1).FileNameAndPath],return)</onclick>
			<visible>!String.IsEmpty(Container(90110).ListItemNoWrap(1).Label)</visible>
		</control>
		<control type="button" id="90114">
			<include>ButtonHomeSubCommonValues</include>
			<label>$INFO[Container(90110).ListItemNoWrap(2).Label]</label>
			<onclick>ActivateWindow(Music,$INFO[Container(90110).ListItemNoWrap(2).FileNameAndPath],return)</onclick>
			<visible>!String.IsEmpty(Container(90110).ListItemNoWrap(2).Label)</visible>
		</control>
		<control type="button" id="90115">
			<include>ButtonHomeSubCommonValues</include>
			<label>$INFO[Container(90110).ListItemNoWrap(3).Label]</label>
			<onclick>ActivateWindow(Music,$INFO[Container(90110).ListItemNoWrap(3).FileNameAndPath],return)</onclick>
			<visible>!String.IsEmpty(Container(90110).ListItemNoWrap(3).Label)</visible>
		</control>
		<control type="button" id="90116">
			<include>ButtonHomeSubCommonValues</include>
			<label>$INFO[Container(90110).ListItemNoWrap(4).Label]</label>
			<onclick>ActivateWindow(Music,$INFO[Container(90110).ListItemNoWrap(4).FileNameAndPath],return)</onclick>
			<visible>!String.IsEmpty(Container(90110).ListItemNoWrap(4).Label)</visible>
		</control>
		<control type="button" id="90117">
			<include>ButtonHomeSubCommonValues</include>
			<label>$INFO[Container(90110).ListItemNoWrap(5).Label]</label>
			<onclick>ActivateWindow(Music,$INFO[Container(90110).ListItemNoWrap(5).FileNameAndPath],return)</onclick>
			<visible>!String.IsEmpty(Container(90110).ListItemNoWrap(5).Label)</visible>
		</control>
		<control type="image" id="90119">
			<width>35</width>
			<height>35</height>
			<texture border="0,0,0,3">HomeSubEnd.png</texture>
		</control>
	</include>
	<include name="HomeSubMenuSystem">
		<control type="image" id="90121">
			<width>35</width>
			<height>35</height>
			<texture border="0,0,0,3" flipx="true">HomeSubEnd.png</texture>
		</control>
		<control type="button" id="90122">
			<include>ButtonHomeSubCommonValues</include>
			<label>5</label>
			<onclick>ActivateWindow(Settings)</onclick>
		</control>
		<control type="button" id="90120">
			<include>ButtonHomeSubCommonValues</include>
			<label>LibreELEC</label>
			<onclick>RunAddon(service.libreelec.settings)</onclick>
			<visible>System.AddonIsEnabled(service.libreelec.settings)</visible>
		</control>
		<control type="button" id="90400">
			<include>ButtonHomeSubCommonValues</include>
			<label>CoreELEC</label>
			<onclick>RunAddon(service.coreelec.settings)</onclick>
			<visible>System.AddonIsEnabled(service.coreelec.settings)</visible>
		</control>
		<control type="button" id="90123">
			<include>ButtonHomeSubCommonValues</include>
			<label>7</label>
			<onclick>ActivateWindow(FileManager)</onclick>
		</control>
		<control type="button" id="90301">
			<include>ButtonHomeSubCommonValues</include>
			<label>[B][COLOR dodgerblue]GR[COLOR white]eco[COLOR dodgerblue]TM [COLOR white]Wizard[/COLOR][/B]</label>
			<onclick>ActivateWindow(Programs,"plugin://plugin.program.G.K.N.Wizard",return)</onclick>
		</control>
		<control type="button" id="90302">
			<include>ButtonHomeSubCommonValues</include>
			<label>24001</label>
			<onclick>ActivateWindow(AddonBrowser)</onclick>
		</control>		
		<control type="button" id="90303">
			<include>ButtonHomeSubCommonValues</include>
			<label>Update $LOCALIZE[24001]</label>
			<onclick>UpdateAddonRepos</onclick>
		</control>	
		<control type="button" id="90304">
			<include>ButtonHomeSubCommonValues</include>
			<label>$LOCALIZE[192] Cache</label>
			<onclick>RunPlugin("plugin://plugin.program.G.K.N.Wizard/?mode=clearcache",return)</onclick>
		</control>
		<control type="button" id="90305">
			<include>ButtonHomeSubCommonValues</include>
			<label>Save all trakt data</label>
			<onclick>RunPlugin(&quot;plugin://plugin.program.G.K.N.Wizard/?mode=savetrakt&amp;name=all&quot;)</onclick>
		</control>
		<control type="button" id="90306">
			<include>ButtonHomeSubCommonValues</include>
			<label>Restore trakt data</label>
			<onclick>RunPlugin(&quot;plugin://plugin.program.G.K.N.Wizard/?mode=restoretrakt&amp;name=all&quot;)</onclick>
		</control>
		<control type="button" id="90307">
			<include>ButtonHomeSubCommonValues</include>
			<label>Save all RD data</label>
			<onclick>RunPlugin(&quot;plugin://plugin.program.G.K.N.Wizard/?mode=savedebrid&amp;name=all&quot;)</onclick>
		</control>
		<control type="button" id="90308">
			<include>ButtonHomeSubCommonValues</include>
			<label>Restore RD data</label>
			<onclick>RunPlugin(&quot;plugin://plugin.program.G.K.N.Wizard/?mode=restoredebrid&amp;name=all&quot;)</onclick>
		</control>
		<control type="button" id="90309">
			<include>ButtonHomeSubCommonValues</include>
			<label>Fix addons not updating</label>
			<onclick>RunPlugin(&quot;plugin://plugin.program.G.K.N.Wizard/?mode=fixaddonupdate&amp;name=all&quot;)</onclick>
		</control>
		<control type="button" id="90124">
			<include>ButtonHomeSubCommonValues</include>
			<label>13200</label>
			<onclick>ActivateWindow(Profiles)</onclick>
		</control>
		<control type="button" id="90125">
			<include>ButtonHomeSubCommonValues</include>
			<label>130</label>
			<onclick>ActivateWindow(SystemInfo)</onclick>
		</control>
		<control type="button" id="90126">
			<include>ButtonHomeSubCommonValues</include>
			<label>14111</label>
			<onclick>ActivateWindow(EventLog,events://,return)</onclick>
			<visible>system.getbool(eventlog.enabled)</visible>
		</control>
		<control type="image" id="90127">
			<width>35</width>
			<height>35</height>
			<texture border="0,0,0,3">HomeSubEnd.png</texture>
		</control>
	</include>
	<include name="HomeSubMenuPlayDisc">
		<control type="image" id="90131">
			<width>35</width>
			<height>35</height>
			<texture border="0,0,0,3" flipx="true">HomeSubEnd.png</texture>
		</control>
		<control type="button" id="90132">
			<include>ButtonHomeSubCommonValues</include>
			<label>13391</label>
			<onclick>SetFocus(9000)</onclick>
			<onclick>EjectTray()</onclick>
		</control>
		<control type="button" id="90133">
			<include>ButtonHomeSubCommonValues</include>
			<label>600</label>
			<onclick>RipCD</onclick>
			<visible>System.HasMediaAudioCD</visible>
		</control>
		<control type="image" id="90134">
			<width>35</width>
			<height>35</height>
			<texture border="0,0,0,3">HomeSubEnd.png</texture>
		</control>
	</include>
	<include name="HomeSubMenuPictures">
		<control type="image" id="90147">
			<width>35</width>
			<height>35</height>
			<texture border="0,0,0,3" flipx="true">HomeSubEnd.png</texture>
		</control>
		<control type="button" id="90148">
			<include>ButtonHomeSubCommonValues</include>
			<label>24001</label>
			<onclick>ActivateWindow(Pictures,Addons,return)</onclick>
		</control>
		<control type="image" id="90149">
			<width>35</width>
			<height>35</height>
			<texture border="0,0,0,3">HomeSubEnd.png</texture>
		</control>
	</include>
	<include name="HomeSubMenuTV">
		<control type="image" id="90141">
			<width>35</width>
			<height>35</height>
			<texture border="0,0,0,3" flipx="true">HomeSubEnd.png</texture>
		</control>
		<control type="button" id="90143">
			<include>ButtonHomeSubCommonValues</include>
			<label>19019</label>
			<onclick>ActivateWindow(TVChannels)</onclick>
		</control>
		<control type="button" id="90144">
			<include>ButtonHomeSubCommonValues</include>
			<label>22020</label>
			<onclick>ActivateWindow(TVGuide)</onclick>
		</control>
		<control type="button" id="90145">
			<include>ButtonHomeSubCommonValues</include>
			<label>19163</label>
			<onclick>ActivateWindow(TVRecordings)</onclick>
		</control>
		<control type="button" id="90146">
			<include>ButtonHomeSubCommonValues</include>
			<label>19138</label>
			<onclick>ActivateWindow(TVTimerRules)</onclick>
		</control>
		<control type="button" id="90147">
			<include>ButtonHomeSubCommonValues</include>
			<label>19040</label>
			<onclick>ActivateWindow(TVTimers)</onclick>
		</control>
		<control type="button" id="90148">
			<include>ButtonHomeSubCommonValues</include>
			<label>137</label>
			<onclick>ActivateWindow(TVSearch)</onclick>
		</control>
		<control type="image" id="90149">
			<width>35</width>
			<height>35</height>
			<texture border="0,0,0,3">HomeSubEnd.png</texture>
		</control>
	</include>
	<include name="HomeSubMenuRadio">
		<control type="image" id="90141">
			<width>35</width>
			<height>35</height>
			<texture border="0,0,0,3" flipx="true">HomeSubEnd.png</texture>
		</control>
		<control type="button" id="90243">
			<include>ButtonHomeSubCommonValues</include>
			<label>19019</label>
			<onclick>ActivateWindow(RadioChannels)</onclick>
		</control>
		<control type="button" id="90244">
			<include>ButtonHomeSubCommonValues</include>
			<label>22020</label>
			<onclick>ActivateWindow(RadioGuide)</onclick>
		</control>
		<control type="button" id="90245">
			<include>ButtonHomeSubCommonValues</include>
			<label>19163</label>
			<onclick>ActivateWindow(RadioRecordings)</onclick>
		</control>
		<control type="button" id="90246">
			<include>ButtonHomeSubCommonValues</include>
			<label>19138</label>
			<onclick>ActivateWindow(RadioTimerRules)</onclick>
		</control>
		<control type="button" id="90247">
			<include>ButtonHomeSubCommonValues</include>
			<label>19040</label>
			<onclick>ActivateWindow(RadioTimers)</onclick>
		</control>
		<control type="button" id="90248">
			<include>ButtonHomeSubCommonValues</include>
			<label>137</label>
			<onclick>ActivateWindow(RadioSearch)</onclick>
		</control>
		<control type="image" id="90249">
			<width>35</width>
			<height>35</height>
			<texture border="0,0,0,3">HomeSubEnd.png</texture>
		</control>
	</include>
	<include name="HomeSubMenuAddons">
		<control type="image" id="90301">
			<width>35</width>
			<height>35</height>
			<texture border="0,0,0,3" flipx="true">HomeSubEnd.png</texture>
		</control>
		<control type="button" id="90302">
			<include>ButtonHomeSubCommonValues</include>
			<label>24998</label>
			<onclick>ActivateWindow(addonbrowser,addons://user,return)</onclick>
		</control>
		<control type="button" id="90303">
			<include>ButtonHomeSubCommonValues</include>
			<label>24033</label>
			<onclick>ActivateWindow(addonbrowser,addons://repos/,return)</onclick>
		</control>
		<control type="button" id="90304">
			<include>ButtonHomeSubCommonValues</include>
			<label>24041</label>
			<onclick>InstallFromZip</onclick>
		</control>
		<control type="button" id="90305">
			<include>ButtonHomeSubCommonValues</include>
			<label>137</label>
			<onclick>ActivateWindow(addonbrowser,addons://search,return)</onclick>
		</control>
		<control type="image" id="90306">
			<width>35</width>
			<height>35</height>
			<texture border="0,0,0,3">HomeSubEnd.png</texture>
		</control>
	</include>
	<include name="HomeAddonItemsVideos">
		<item>
			<label>$INFO[system.addontitle(Skin.String(HomeVideosButton1))]</label>
			<onclick>RunAddon($INFO[Skin.String(HomeVideosButton1)])</onclick>
			<icon>$INFO[system.addonicon(Skin.String(HomeVideosButton1))]</icon>
			<thumb/>
			<visible>!String.IsEmpty(Skin.String(HomeVideosButton1))</visible>
		</item>
		<item>
			<label>$INFO[system.addontitle(Skin.String(HomeVideosButton2))]</label>
			<onclick>RunAddon($INFO[Skin.String(HomeVideosButton2)])</onclick>
			<icon>$INFO[system.addonicon(Skin.String(HomeVideosButton2))]</icon>
			<thumb/>
			<visible>!String.IsEmpty(Skin.String(HomeVideosButton2))</visible>
		</item>
		<item>
			<label>$INFO[system.addontitle(Skin.String(HomeVideosButton3))]</label>
			<onclick>RunAddon($INFO[Skin.String(HomeVideosButton3)])</onclick>
			<icon>$INFO[system.addonicon(Skin.String(HomeVideosButton3))]</icon>
			<thumb/>
			<visible>!String.IsEmpty(Skin.String(HomeVideosButton3))</visible>
		</item>
		<item>
			<label>$INFO[system.addontitle(Skin.String(HomeVideosButton4))]</label>
			<onclick>RunAddon($INFO[Skin.String(HomeVideosButton4)])</onclick>
			<icon>$INFO[system.addonicon(Skin.String(HomeVideosButton4))]</icon>
			<thumb/>
			<visible>!String.IsEmpty(Skin.String(HomeVideosButton4))</visible>
		</item>
		<item>
			<label>$INFO[system.addontitle(Skin.String(HomeVideosButton5))]</label>
			<onclick>RunAddon($INFO[Skin.String(HomeVideosButton5)])</onclick>
			<icon>$INFO[system.addonicon(Skin.String(HomeVideosButton5))]</icon>
			<thumb/>
			<visible>!String.IsEmpty(Skin.String(HomeVideosButton5))</visible>
		</item>
		<item>
			<label>$INFO[system.addontitle(Skin.String(HomeVideosButton6))]</label>
			<onclick>RunAddon($INFO[Skin.String(HomeVideosButton6)])</onclick>
			<icon>$INFO[system.addonicon(Skin.String(HomeVideosButton6))]</icon>
			<thumb/>
			<visible>!String.IsEmpty(Skin.String(HomeVideosButton6))</visible>
		</item>
		<item>
			<label>$INFO[system.addontitle(Skin.String(HomeVideosButton7))]</label>
			<onclick>RunAddon($INFO[Skin.String(HomeVideosButton7)])</onclick>
			<icon>$INFO[system.addonicon(Skin.String(HomeVideosButton7))]</icon>
			<thumb/>
			<visible>!String.IsEmpty(Skin.String(HomeVideosButton7))</visible>
		</item>
		<item>
			<label>$INFO[system.addontitle(Skin.String(HomeVideosButton8))]</label>
			<onclick>RunAddon($INFO[Skin.String(HomeVideosButton8)])</onclick>
			<icon>$INFO[system.addonicon(Skin.String(HomeVideosButton8))]</icon>
			<thumb/>
			<visible>!String.IsEmpty(Skin.String(HomeVideosButton8))</visible>
		</item>
		<item>
			<label>$INFO[system.addontitle(Skin.String(HomeVideosButton9))]</label>
			<onclick>RunAddon($INFO[Skin.String(HomeVideosButton9)])</onclick>
			<icon>$INFO[system.addonicon(Skin.String(HomeVideosButton9))]</icon>
			<thumb/>
			<visible>!String.IsEmpty(Skin.String(HomeVideosButton9))</visible>
		</item>		
		<item>
			<label>$INFO[system.addontitle(Skin.String(HomeVideosButton10))]</label>
			<onclick>RunAddon($INFO[Skin.String(HomeVideosButton10)])</onclick>
			<icon>$INFO[system.addonicon(Skin.String(HomeVideosButton10))]</icon>
			<thumb/>
			<visible>!String.IsEmpty(Skin.String(HomeVideosButton10))</visible>
		</item>		
		<item>
			<label>$INFO[system.addontitle(Skin.String(HomeVideosButton11))]</label>
			<onclick>RunAddon($INFO[Skin.String(HomeVideosButton11)])</onclick>
			<icon>$INFO[system.addonicon(Skin.String(HomeVideosButton11))]</icon>
			<thumb/>
			<visible>!String.IsEmpty(Skin.String(HomeVideosButton11))</visible>
		</item>
		<item>
			<label>Ελληνικά Sites</label>
			<onclick>ActivateWindow(10025,"plugin://plugin.video.microjen/get_list/http://gknwizard.eu/repo/Builds/GKoBu/xmls/all_gr_sites.json",return)</onclick>
			<icon>http://gknwizard.eu/repo/Builds/GKoBu/Plugins/matrix/plugin.video.microjen/icon.png</icon>
			<thumb>http://gknwizard.eu/repo/Builds/GKoBu/xmls/all_gr_sites.png</thumb>
			<visible>!Skin.HasSetting(hide_grs)</visible>
		</item>
		<item>
			<label>AliveGR</label>
			<onclick>ActivateWindow(10025,"plugin://plugin.video.AliveGR/?content_type=video",return)</onclick>
			<icon>https://raw.githubusercontent.com/Twilight0/repo.twilight0/master/_zips/plugin.video.AliveGR/resources/media/icon.png</icon>
			<thumb>special://home/addons\plugin.video.AliveGR\resources\media\icon.png</thumb>
			<visible>!Skin.HasSetting(hide_AliveGR)</visible>
		</item>
		<item>
			<label>CartoonsGR</label>
			<onclick>ActivateWindow(10025,"plugin://plugin.video.cartoonsgr/",return)</onclick>
			<icon>https://raw.githubusercontent.com/bugatsinho/bugatsinho.github.io/master/_zips/plugin.video.cartoonsgr/icon.png</icon>
			<thumb>special://home/addons\plugin.video.cartoonsgr\icon.png</thumb>
			<visible>!Skin.HasSetting(hide_cartoonsgr)</visible>
		</item>
		<item>
			<label>Blacklodge</label>
			<onclick>ActivateWindow(10025,"plugin://plugin.video.blacklodge/",return)</onclick>
			<icon>https://gknwizard.eu/repo/Builds/GKoBu/Plugins/matrix/plugin.video.blacklodge/icon.png</icon>
			<thumb>special://home/addons/plugin.video.blacklodge/icon.png</thumb>
			<visible>!Skin.HasSetting(hide_blacklodge)</visible>
		</item>
		<item>
			<label>Seren</label>
			<onclick>ActivateWindow(10025,"plugin://plugin.video.seren/",return)</onclick>
			<icon>https://raw.githubusercontent.com/nixgates/nixgates/master/repo/zips/plugin.video.seren/ico-seren-2.jpg</icon>
			<thumb>special://home/addons\plugin.video.seren\ico-seren-2.jpg</thumb>
			<visible>!Skin.HasSetting(hide_seren)</visible>
		</item>
		<item>
			<label>fmovies.to</label>
			<onclick>ActivateWindow(10025,"plugin://plugin.video.fmoviesto/",return)</onclick>
			<icon>https://raw.githubusercontent.com/mbebe/blomqvist/8fca58f45d468f1ffd0718dcf80668aafab762c8/zips/plugin.video.fmoviesto/icon.png</icon>
			<thumb>special://home/addons\plugin.video.fmoviesto\icon.png</thumb>
			<visible>!Skin.HasSetting(hide_fmoviesto)</visible>
		</item>
		<item>
			<label>Shadow</label>
			<onclick>ActivateWindow(10025,"plugin://plugin.video.shadow/",return)</onclick>
			<icon>http://gknwizard.eu/repo/Builds/GKoBu/Plugins/matrix/plugin.video.shadow/icon.png</icon>
			<thumb>special://home/addons\plugin.video.shadow\icon.png</thumb>
			<visible>!Skin.HasSetting(hide_shadow)</visible>
		</item>
		<item>
			<label>Netflix</label>
			<onclick>ActivateWindow(10025,"plugin://plugin.video.netflix/",return)</onclick>
			<icon>https://raw.githubusercontent.com/CastagnaIT/repository.castagnait/master/zip/plugin.video.netflix/resources/media/icon.png</icon>
			<thumb>special://home/addons\plugin.video.netflix\resources\media\icon.png</thumb>
			<visible>!Skin.HasSetting(hide_netflix)</visible>
		</item>
		<item>
			<label>MicroJen</label>
			<onclick>ActivateWindow(10025,"plugin://plugin.video.microjen/",return)</onclick>
			<icon>http://gknwizard.eu/repo/Builds/GKoBu/Plugins/matrix/plugin.video.microjen/icon.png</icon>
			<thumb>special://home/addons\plugin.video.microjen\icon.png</thumb>
			<visible>!Skin.HasSetting(hide_microjen)</visible>
		</item>
		<item>
			<label>[B][COLOR white]Extended Info-Diamond_MOD[/COLOR][/B]</label>
			<onclick>ActivateWindow(10025,"plugin://script.extendedinfo/",return)</onclick>
			<icon>https://raw.githubusercontent.com/henryjfry/repository.thenewdiamond/main/zips/script.extendedinfo/icon.png</icon>
			<thumb>special://home/addons\script.extendedinfo\icon.png</thumb>
			<visible>!Skin.HasSetting(hide_extendedinfo)</visible>
		</item>
		<item>
			<label>YouTube</label>
			<onclick>ActivateWindow(10025,"plugin://plugin.video.youtube/",return)</onclick>
			<icon>https://raw.githubusercontent.com/anxdpanic/plugin.video.youtube/master/icon.png</icon>
			<thumb>special://home/addons\plugin.video.youtube\icon.png</thumb>
			<visible>!Skin.HasSetting(hide_youtube)</visible>
		</item>
	</include>
	<include name="HomeAddonItemsMusic">
		<item>
			<label>$INFO[system.addontitle(Skin.String(HomeMusicButton1))]</label>
			<onclick>RunAddon($INFO[Skin.String(HomeMusicButton1)])</onclick>
			<icon>$INFO[system.addonicon(Skin.String(HomeMusicButton1))]</icon>
			<thumb/>
			<visible>!String.IsEmpty(Skin.String(HomeMusicButton1))</visible>
		</item>
		<item>
			<label>$INFO[system.addontitle(Skin.String(HomeMusicButton2))]</label>
			<onclick>RunAddon($INFO[Skin.String(HomeMusicButton2)])</onclick>
			<icon>$INFO[system.addonicon(Skin.String(HomeMusicButton2))]</icon>
			<thumb/>
			<visible>!String.IsEmpty(Skin.String(HomeMusicButton2))</visible>
		</item>
		<item>
			<label>$INFO[system.addontitle(Skin.String(HomeMusicButton3))]</label>
			<onclick>RunAddon($INFO[Skin.String(HomeMusicButton3)])</onclick>
			<icon>$INFO[system.addonicon(Skin.String(HomeMusicButton3))]</icon>
			<thumb/>
			<visible>!String.IsEmpty(Skin.String(HomeMusicButton3))</visible>
		</item>
		<item>
			<label>$INFO[system.addontitle(Skin.String(HomeMusicButton4))]</label>
			<onclick>RunAddon($INFO[Skin.String(HomeMusicButton4)])</onclick>
			<icon>$INFO[system.addonicon(Skin.String(HomeMusicButton4))]</icon>
			<thumb/>
			<visible>!String.IsEmpty(Skin.String(HomeMusicButton4))</visible>
		</item>
		<item>
			<label>$INFO[system.addontitle(Skin.String(HomeMusicButton5))]</label>
			<onclick>RunAddon($INFO[Skin.String(HomeMusicButton5)])</onclick>
			<icon>$INFO[system.addonicon(Skin.String(HomeMusicButton5))]</icon>
			<thumb/>
			<visible>!String.IsEmpty(Skin.String(HomeMusicButton5))</visible>
		</item>
	</include>
	<include name="HomeAddonItemsPictures">
		<item>
			<label>$INFO[system.addontitle(Skin.String(HomePictureButton1))]</label>
			<onclick>RunAddon($INFO[Skin.String(HomePictureButton1)])</onclick>
			<icon>$INFO[system.addonicon(Skin.String(HomePictureButton1))]</icon>
			<thumb/>
			<visible>!String.IsEmpty(Skin.String(HomePictureButton1))</visible>
		</item>
		<item>
			<label>$INFO[system.addontitle(Skin.String(HomePictureButton2))]</label>
			<onclick>RunAddon($INFO[Skin.String(HomePictureButton2)])</onclick>
			<icon>$INFO[system.addonicon(Skin.String(HomePictureButton2))]</icon>
			<thumb/>
			<visible>!String.IsEmpty(Skin.String(HomePictureButton2))</visible>
		</item>
		<item>
			<label>$INFO[system.addontitle(Skin.String(HomePictureButton3))]</label>
			<onclick>RunAddon($INFO[Skin.String(HomePictureButton3)])</onclick>
			<icon>$INFO[system.addonicon(Skin.String(HomePictureButton3))]</icon>
			<thumb/>
			<visible>!String.IsEmpty(Skin.String(HomePictureButton3))</visible>
		</item>
		<item>
			<label>$INFO[system.addontitle(Skin.String(HomePictureButton4))]</label>
			<onclick>RunAddon($INFO[Skin.String(HomePictureButton4)])</onclick>
			<icon>$INFO[system.addonicon(Skin.String(HomePictureButton4))]</icon>
			<thumb/>
			<visible>!String.IsEmpty(Skin.String(HomePictureButton4))</visible>
		</item>
		<item>
			<label>$INFO[system.addontitle(Skin.String(HomePictureButton5))]</label>
			<onclick>RunAddon($INFO[Skin.String(HomePictureButton5)])</onclick>
			<icon>$INFO[system.addonicon(Skin.String(HomePictureButton5))]</icon>
			<thumb/>
			<visible>!String.IsEmpty(Skin.String(HomePictureButton5))</visible>
		</item>
	</include>
	<include name="HomeAddonItemsPrograms">
		<item>
			<label>$INFO[system.addontitle(Skin.String(HomeProgramButton1))]</label>
			<onclick>RunAddon($INFO[Skin.String(HomeProgramButton1)])</onclick>
			<icon>$INFO[system.addonicon(Skin.String(HomeProgramButton1))]</icon>
			<thumb/>
			<visible>!String.IsEmpty(Skin.String(HomeProgramButton1))</visible>
		</item>
		<item>
			<label>$INFO[system.addontitle(Skin.String(HomeProgramButton2))]</label>
			<onclick>RunAddon($INFO[Skin.String(HomeProgramButton2)])</onclick>
			<icon>$INFO[system.addonicon(Skin.String(HomeProgramButton2))]</icon>
			<thumb/>
			<visible>!String.IsEmpty(Skin.String(HomeProgramButton2))</visible>
		</item>
		<item>
			<label>$INFO[system.addontitle(Skin.String(HomeProgramButton3))]</label>
			<onclick>RunAddon($INFO[Skin.String(HomeProgramButton3)])</onclick>
			<icon>$INFO[system.addonicon(Skin.String(HomeProgramButton3))]</icon>
			<thumb/>
			<visible>!String.IsEmpty(Skin.String(HomeProgramButton3))</visible>
		</item>
		<item>
			<label>$INFO[system.addontitle(Skin.String(HomeProgramButton4))]</label>
			<onclick>RunAddon($INFO[Skin.String(HomeProgramButton4)])</onclick>
			<icon>$INFO[system.addonicon(Skin.String(HomeProgramButton4))]</icon>
			<thumb/>
			<visible>!String.IsEmpty(Skin.String(HomeProgramButton4))</visible>
		</item>
		<item>
			<label>$INFO[system.addontitle(Skin.String(HomeProgramButton5))]</label>
			<onclick>RunAddon($INFO[Skin.String(HomeProgramButton5)])</onclick>
			<icon>$INFO[system.addonicon(Skin.String(HomeProgramButton5))]</icon>
			<thumb/>
			<visible>!String.IsEmpty(Skin.String(HomeProgramButton5))</visible>
		</item>
	</include>
	<include name="HomeAddonItemsGames">
		<item>
			<label>$INFO[system.addontitle(Skin.String(HomeGameButton1))]</label>
			<onclick>RunAddon($INFO[Skin.String(HomeGameButton1)])</onclick>
			<icon>$INFO[system.addonicon(Skin.String(HomeGameButton1))]</icon>
			<thumb/>
			<visible>!String.IsEmpty(Skin.String(HomeGameButton1))</visible>
		</item>
		<item>
			<label>$INFO[system.addontitle(Skin.String(HomeGameButton2))]</label>
			<onclick>RunAddon($INFO[Skin.String(HomeGameButton2)])</onclick>
			<icon>$INFO[system.addonicon(Skin.String(HomeGameButton2))]</icon>
			<thumb/>
			<visible>!String.IsEmpty(Skin.String(HomeGameButton2))</visible>
		</item>
		<item>
			<label>$INFO[system.addontitle(Skin.String(HomeGameButton3))]</label>
			<onclick>RunAddon($INFO[Skin.String(HomeGameButton3)])</onclick>
			<icon>$INFO[system.addonicon(Skin.String(HomeGameButton3))]</icon>
			<thumb/>
			<visible>!String.IsEmpty(Skin.String(HomeGameButton3))</visible>
		</item>
		<item>
			<label>$INFO[system.addontitle(Skin.String(HomeGameButton4))]</label>
			<onclick>RunAddon($INFO[Skin.String(HomeGameButton4)])</onclick>
			<icon>$INFO[system.addonicon(Skin.String(HomeGameButton4))]</icon>
			<thumb/>
			<visible>!String.IsEmpty(Skin.String(HomeGameButton4))</visible>
		</item>
		<item>
			<label>$INFO[system.addontitle(Skin.String(HomeGameButton5))]</label>
			<onclick>RunAddon($INFO[Skin.String(HomeGameButton5)])</onclick>
			<icon>$INFO[system.addonicon(Skin.String(HomeGameButton5))]</icon>
			<thumb/>
			<visible>!String.IsEmpty(Skin.String(HomeGameButton5))</visible>
		</item>
	</include>
</includes>
