<favourites>
    <favourite name="[B]ESPORTES PPV[/B]" thumb="special://home/addons/plugin.video.OnePlay.Matrix/icon.png">ActivateWindow(10025,&quot;plugin://plugin.video.OnePlay.Matrix/?action=tv_servidor1_abrir&amp;description&amp;grupo=ESPORTES%20PPV&amp;iconimage&amp;name=%5bB%5dESPORTES%20PPV%5b%2fB%5d&quot;,return)</favourite>
    <favourite name="[B]ESPORTES[/B]" thumb="special://home/addons/plugin.video.OnePlay.Matrix/icon.png">ActivateWindow(10025,&quot;plugin://plugin.video.OnePlay.Matrix/?action=tv_servidor1_abrir&amp;description&amp;grupo=ESPORTES&amp;iconimage&amp;name=%5bB%5dESPORTES%5b%2fB%5d&quot;,return)</favourite>
    <favourite name="[B]PREMIERE[/B]" thumb="special://home/addons/plugin.video.OnePlay.Matrix/icon.png">ActivateWindow(10025,&quot;plugin://plugin.video.OnePlay.Matrix/?action=tv_servidor1_abrir&amp;description&amp;grupo=PREMIERE&amp;iconimage&amp;name=%5bB%5dPREMIERE%5b%2fB%5d&quot;,return)</favourite>
    <favourite name="[B][COLOR white]Pluto TV Esportes[/COLOR][/B]" thumb="https://images.pluto.tv/channels/5f32d2db0af67400077f29c4/colorLogoPNG.png">PlayMedia(&quot;plugin://plugin.video.OnePlay.Matrix/?name=%5BB%5D%5BCOLOR+white%5DPluto+TV+Esportes%5B%2FCOLOR%5D%5B%2FB%5D&amp;action=player_normal&amp;url=http%3A%2F%2Fstitcher-ipv4.pluto.tv%2Fv1%2Fstitch%2Fembed%2Fhls%2Fchannel%2F5f32d2db0af67400077f29c4%2Fmaster.m3u8%3FdeviceType%3Dsamsung-tvplus%26deviceMake%3Dsamsung%26deviceModel%3Dsamsung%26deviceVersion%3Dunknown%26appVersion%3Dunknown%26deviceLat%3D0%26deviceLon%3D0%26deviceDNT%3D%257BTARGETOPT%257D%26deviceId%3D%257BPSID%257D%26advertisingId%3D%257BPSID%257D%26us_privacy%3D1YNY%26samsung_app_domain%3D%257BAPP_DOMAIN%257D%26samsung_app_name%3D%257BAPP_NAME%257D%26profileLimit%3D%26profileFloor%3D%26embedPartner%3Dsamsung-tvplus&amp;iconimage=https%3A%2F%2Fimages.pluto.tv%2Fchannels%2F5f32d2db0af67400077f29c4%2FcolorLogoPNG.png&amp;fanart=&amp;description=&amp;playable=true&quot;)</favourite>
</favourites>
