<?xml version="1.0" encoding="UTF-8" standalone="yes"?>
<addon id="repository.Worldolympic" name="World-Olympic Repository" version="1.1.1" provider-name="World">
	<extension point="xbmc.addon.repository" name="World-Olympic Repository">
			<dir>
				<info compressed="false">https://raw.githubusercontent.com/akeotaseo/World-Olympic-Repository/main/addons.xml</info>
				<checksum>https://raw.githubusercontent.com/akeotaseo/World-Olympic-Repository/main/addons.xml.md5</checksum>
				<datadir zip="true">https://raw.githubusercontent.com/akeotaseo/World-Olympic-Repository/main/</datadir>
			</dir>
	</extension>
	<extension point="xbmc.addon.metadata">
		<summary>World-Olympic Repository</summary>
		<description>World Build Repo</description>
		<platform>all</platform>
		<assets>
			<icon>icon.png</icon>
			<fanart>fanart.jpg</fanart>
		</assets>
	</extension>
</addon>
