<favourites>
    <favourite name="[COLORred][B]Daddylive[/COLOR][/B]" thumb="https://raw.githubusercontent.com/thecrewwh/zips/master/matrix/_zip/plugin.video.daddylive/icon.png">ActivateWindow(10025,"plugin://plugin.video.microjen/daddylive",return)</favourite>
    <favourite name="[B][COLORorange]Sport[COLORwhite]HD+[/COLOR][/B]" thumb="https://raw.githubusercontent.com/bugatsinho/bugatsinho.github.io/master/plugin.video.sporthdme/icon.png">ActivateWindow(10025,"plugin://plugin.video.microjen/sporthd",return)</favourite>
    <favourite name="[B][COLORwhite]Sports Central[/COLOR][/B]" thumb="https://funstersplace.net/19repo/plugin.video.sportscentral/icon.png">ActivateWindow(10025,"plugin://plugin.video.microjen/streamed",return)</favourite>
    <favourite name="Sports[COLORviolet]Sites[/COLOR]" thumb="special://home/addons/script.module.jetextractors/icon.png">ActivateWindow(10025,"plugin://plugin.video.microjen/SportSites/hosts",return)</favourite>
    <favourite name="[COLORlime][B]Αναζήτηση Αγώνων (JetExtractors)[/COLOR][/B]" thumb="https://findicons.com/files/icons/75/i_like_buttons_3a/512/cute_ball_search.png">ActivateWindow(10025,"plugin://plugin.video.microjen/pvr_sport_search/search/*?include=6&amp;orig=http%3a%2f%2fgknwizard.eu%2frepo%2fBuilds%2fGKoBu%2fxmls%2ftests%2fmicrojenmain.json",return)</favourite>
    <favourite name="Αναζήτηση Ζωντανών Αγώνων" thumb="https://findicons.com/files/icons/75/i_like_buttons_3a/512/cute_ball_search.png">ActivateWindow(10025,"plugin://plugin.video.microjen/get_list/eJzLKCkpsNLXT8/OK8+sSixK0Ust1S9KLcjXdyrNzEkp1nf3zncq1a/IzSnWL05NLErOiM9NLEnOSC3WyyrOzwMA1TwXVA==",return)</favourite>
    <favourite name="Highlights" thumb="https://cdn3.iconfinder.com/data/icons/Iconshock_Folders/png/NORMAL/256/sports.png">ActivateWindow(10025,"plugin://plugin.video.microjen/get_list/eJzLKCkpsNLXT8/OK8+sSixK0Ust1S9KLcjXdyrNzEkp1nf3zncq1a/IzSnWz8hMz8gB4pJivazi/DwAel0VxQ==",return)</favourite>
    <favourite name="Ghost [COLORwhite]Sports Streams[/COLOR]" thumb="https://ia902503.us.archive.org/28/items/icon_20220511/icon.png">PlayMedia("plugin://plugin.video.microjen/run_plug/plugin%3A%2F%2Fplugin.video.shadow%2F%3Fall_w%3D%257b%257d%26data%3D%2520%26dates%3D%2520%26description%3DJen%2520Collection%26eng_name%3D%2520%26episode%3D%2520%26fanart%3D%2520%26fav_status%3Dfalse%26heb_name%3D%2520%26iconimage%3D%2520%26id%3D%2520%26image_master%26isr%3D0%26last_id%26mode%3D189%26mypass%26name%3D%2520%26original_title%3D%2520%26search_db%26season%3D%2520%26show_original_year%3D%2520%26tmdbid%3D%2520%26url%3Dhttps%253a%252f%252fthechains24.com%252fGREENHAT%252fiptv-homelander%252fUstream.xml%26video_data%3D%2520")</favourite>
    <favourite name="[COLORwhite]BL Sport[/COLOR]" thumb="https://cmanbuildsxyz.com/cman/repo/plugin.video.blsport/icon.png">ActivateWindow(10025,"plugin://plugin.video.microjen/get_list/https://cmanbuildsxyz.com/sport/blhome.json",return)</favourite>
    <favourite name="FTA Sport" thumb="https://cmanbuilds.com/cman/repo/plugin.video.ftasport/icon.png">ActivateWindow(10025,"plugin://plugin.video.microjen/get_list/https://cmanbuilds.com/sport/free.json",return)</favourite>
    <favourite name="[COLORlime]Torque Lite[/COLOR]" thumb="http://mylostsoulspace.co.uk/_repo/plugin.video.torquelite/icon.png">ActivateWindow(10025,"plugin://plugin.video.microjen/get_list/http://racingondemand.xyz/noneofyourebusiness/microracing.json",return)</favourite>
    <favourite name="Deportes" thumb="http://bgaddon.pro/black/img/deportes.png">ActivateWindow(10025,"plugin://plugin.video.live.streamspro/?fanart=http%3a%2f%2fbgaddon.pro%2fblack%2fimg%2ffanart.jpg&amp;mode=1&amp;name=Deportes&amp;url=http%3a%2f%2fbgaddon.pro%2fblack%2f0-deportes.php",return)</favourite>
    <favourite name="F1 Rewind" thumb="https://mylostsoulspace.co.uk/repofiles/plugin.video.f1rewind/icon.png">ActivateWindow(10025,"plugin://plugin.video.microjen/get_list/https://mylostsoulspace.co.uk/F1Rewind/xmls/f1rewindmain.xmll",return)</favourite>
    <favourite name="Wrestling Rewind" thumb="https://mylostsoulspace.co.uk/repofiles/plugin.video.wrestlingrewind/icon.png">ActivateWindow(10025,"plugin://plugin.video.microjen/get_list/https://mylostsoulspace.co.uk/WrestlingRewind/xmls/wrestlingrewind-main.xmll",return)</favourite>
    <favourite name="NFL Rewind" thumb="https://mylostsoulspace.co.uk/repofiles/plugin.video.nflrewind/icon.png">ActivateWindow(10025,"plugin://plugin.video.microjen/get_list/https://mylostsoulspace.co.uk/NFLRewind/xmls/MainXml/nflrewind-main.xmll",return)</favourite>
    <favourite name="Fights on Demand" thumb="https://mylostsoulspace.co.uk/repofiles/plugin.video.fod/icon.png">ActivateWindow(10025,"plugin://plugin.video.microjen/get_list/https://mylostsoulspace.co.uk/FightsOnDemand/fodmain-new.xmll",return)</favourite>
    <favourite name="Footy Rewind" thumb="https://mylostsoulspace.co.uk/repofiles/plugin.video.footyrewind/icon.png">ActivateWindow(10025,"plugin://plugin.video.microjen/get_list/https://mylostsoulspace.co.uk/FootyRewind/xmls/footyrewind-main.xmll",return)</favourite>
    <favourite name="[COLORwhite]Mayhem[/COLOR](by Maverick)" thumb="https://raw.githubusercontent.com/mfirepo/repo1/main/plugins/plugin.video.mayhem/icon.png">ActivateWindow(10025,"plugin://plugin.video.microjen/get_list/https://bitbucket.org/halcyonhal/halcyon2/raw/main/may.json",return)</favourite>
</favourites>
