<?xml version="1.0" encoding="UTF-8" standalone="yes"?>
<addon id="plugin.image.World" name="[B][COLORorange]World Build Icons[/COLOR][/B]" version="19.0.18a" provider-name="TechNEWSology">
  <requires>
    <import addon="xbmc.python" version="3.0.0"/>
  </requires>
  <extension point="xbmc.python.pluginsource" library="addon.py">
        <provides>image</provides>
  </extension>
  <extension point="xbmc.addon.metadata">
    <platform>all</platform>
    <summary lang="en">Εικονίδια World Build</summary>
    <description lang="en">World Build Icons</description>
    <disclaimer lang="en">.</disclaimer>
    <language></language>
    <platform>all</platform>
    <assets>
        <icon>icon.png</icon>
        <fanart>fanart.jpg</fanart>
    </assets>
  </extension>
</addon>