<?xml version="1.0" encoding="UTF-8"?>
<window>
    <defaultcontrol>61</defaultcontrol>
    <controls>
        <control type="group">
            <depth>DepthDialog-</depth>
            <animation effect="slide" start="1650,0" end="0,0" time="300" tween="quadratic" easing="out">WindowOpen</animation>
            <animation effect="slide" start="0,0" end="1650,0" time="300" tween="quadratic" easing="out">WindowClose</animation>
            <control type="image">
                <left>270</left>
                <top>0</top>
                <width>1680</width>
                <height>1080</height>
                <texture border="15,0,0,0" flipx="true">MediaBladeSub.png</texture>
            </control>
            <control type="button">
                <description>Close Window button</description>
                <left>300</left>
                <top>0</top>
                <onclick>PreviousMenu</onclick>
                <include>DialogCloseButton</include>
                <onleft>61</onleft>
                <onright>61</onright>
                <onup>61</onup>
                <ondown>61</ondown>
            </control>
            <control type="group">
                <animation effect="fade" delay="300" start="0" end="100" time="150">WindowOpen</animation>
                <animation effect="fade" start="100" end="0" time="150">WindowClose</animation>
                <control type="label" id="1">
                    <description>header label</description>
                    <left>315</left>
                    <top>60</top>
                    <width>1545</width>
                    <height>45</height>
                    <font>font13_title</font>
                    <align>center</align>
                    <aligny>center</aligny>
                    <textcolor>selected</textcolor>
                    <shadowcolor>black</shadowcolor>
                </control>
                <control type="textbox" id="5">
                    <description>textarea</description>
                    <left>315</left>
                    <top>138</top>
                    <width>1500</width>
                    <height>920</height>
                    <label></label>
                    <font>font13</font>
                    <align>justify</align>
                    <textcolor>white</textcolor>
                    <shadowcolor>black</shadowcolor>
                    <pagecontrol>61</pagecontrol>
                </control>
                <control type="scrollbar" id="61">
                    <left>1830</left>
                    <top>135</top>
                    <width>38</width>
                    <height>900</height>
                    <texturesliderbackground border="0,14,0,14">ScrollBarV.png</texturesliderbackground>
                    <texturesliderbar border="0,14,0,14">ScrollBarV_bar.png</texturesliderbar>
                    <texturesliderbarfocus border="0,14,0,14" colordiffuse="$VAR[MainColorOne]">ScrollBarV_bar_focus.png</texturesliderbarfocus>
                    <textureslidernib colordiffuse="$VAR[MainColorOne]">ScrollBarNib.png</textureslidernib>
                    <textureslidernibfocus colordiffuse="$VAR[MainColorOne]">ScrollBarNib.png</textureslidernibfocus>
                    <onleft>61</onleft>
                    <onright>61</onright>
                    <ondown>61</ondown>
                    <onup>61</onup>
                    <showonepage>true</showonepage>
                    <orientation>vertical</orientation>
                </control>
            </control>
        </control>
        <control type="group">
            <depth>DepthDialog-</depth>
            <include>Clock</include>
        </control>
    </controls>
</window>
