<?xml version="1.0" encoding="UTF-8"?>
<includes>
	<include name="Includes_Dialog_Default_Video_Information">
		<!-- Hidden Button -->
		<control id="7" type="button">
			<include>HiddenControl</include>
		</control>
		<!-- Hidden Plot -->
		<control type="textbox">
			<left>-2400</left>
			<width>2384</width>
			<height>252</height>
			<align>left</align>
			<font>Light30Spaced</font>
			<pagecontrol>96</pagecontrol>
			<autoscroll>false</autoscroll>
			<textcolor>ffbbbbbb</textcolor>
			<label>$VAR[Plot]</label>
		</control>
		<!-- Hidden scrollbar -->
		<control id="96" type="scrollbar">
			<left>-2400</left>
			<width>2384</width>
			<height>252</height>
			<showonepage>false</showonepage>
			<orientation>vertical</orientation>
		</control>
		<!-- Background -->
		<include>BackgroundImage</include>
		<!-- Fanart -->
		<control type="group">
			<control type="image">
				<include>FullscreenDimensions</include>
				<colordiffuse>26ffffff</colordiffuse>
				<texture background="true">$VAR[Fanart]</texture>
			</control>
			<include>DialogVideoInfoAnimation</include>
		</control>
		<control type="group">
			<left>180</left>
			<top>198</top>
			<include>DialogVideoInfoAnimation</include>
			<animation effect="fade" end="100" start="0" time="200">WindowOpen</animation>
			<!-- Icon -->
			<control type="image">
				<width>640</width>
				<height>960</height>
				<texture>$VAR[VideoInfoImage]</texture>
				<aspectratio aligny="center">scale</aspectratio>
			</control>
			<control type="image">
				<width>180</width>
				<height>180</height>
				<texture>$INFO[ListItem.VideoResolution,views/resolution/,.png]</texture>
			</control>
			<control type="image">
				<width>180</width>
				<height>180</height>
				<texture>views/OverlayWatched.png</texture>
				<visible>[Integer.IsGreater(ListItem.PlayCount,0) + Container.Content(episodes)] | [Integer.IsGreater(ListItem.Property(WatchedEpisodePercent),99) + Integer.IsGreater(ListItem.Property(TotalEpisodes),0) + !Container.Content(episodes)]</visible>
			</control>
			<control type="image">
				<top>800</top>
				<width>640</width>
				<height>160</height>
				<texture border="4">views/default_overlay.png</texture>
				<visible>[ListItem.IsResumable + [!Container.Content(tvshows) + !Container.Content(seasons)]]| [Integer.IsGreater(ListItem.Property(WatchedEpisodePercent),00) + Integer.IsLess(ListItem.Property(WatchedEpisodePercent),100) + [Container.Content(tvshows) | Container.Content(seasons)]]</visible>
			</control>
			<control type="label">
				<left>32</left>
				<top>872</top>
				<width>1208</width>
				<height>56</height>
				<font>Med20</font>
				<textcolor>ffbcbcbc</textcolor>
				<label>$VAR[PercentRemaining]</label>
				<visible>ListItem.IsResumable + [Container.Content(movies) | Container.Content(episodes)]</visible>
			</control>
			<control type="label">
				<left>32</left>
				<top>872</top>
				<width>1208</width>
				<height>56</height>
				<font>Med20</font>
				<textcolor>ffbcbcbc</textcolor>
				<label>$VAR[TVShowPercentRemaining]</label>
				<visible>Integer.IsGreater(ListItem.Property(WatchedEpisodePercent),00) + [Container.Content(tvshows) | Container.Content(seasons)]</visible>
			</control>
			<control type="progress">
				<top>960</top>
				<width>640</width>
				<height>16</height>
				<info>ListItem.PercentPlayed</info>
				<texturebg border="4">views/ProgressBack.png</texturebg>
				<lefttexture/>
				<midtexture border="4">views/ProgressBar.png</midtexture>
				<righttexture/>
				<overlaytexture/>
				<visible>ListItem.IsResumable</visible>
			</control>
			<control type="progress">
				<top>960</top>
				<width>640</width>
				<height>16</height>
				<info>ListItem.Property(WatchedEpisodePercent)</info>
				<texturebg border="4">views/ProgressBack.png</texturebg>
				<lefttexture/>
				<midtexture border="4">views/ProgressBar.png</midtexture>
				<righttexture/>
				<overlaytexture/>
				<visible>Integer.IsGreater(ListItem.Property(WatchedEpisodePercent),00) + [Container.Content(tvshows) | Container.Content(seasons)]</visible>
			</control>
			<control type="image">
				<top>960</top>
				<width>640</width>
				<height>16</height>
				<texture border="4">views/ProgressBar.png</texture>
				<visible>Container.Content(episodes) + Integer.IsGreater(ListItem.PlayCount,0) + !ListItem.IsResumable</visible>
			</control>
			<control id="7000" type="button">
				<top>1036</top>
				<width>960</width>
				<height>70</height>
				<onup condition="!Control.IsVisible(96)">Close</onup>
				<onup condition="Control.IsVisible(96)">3002</onup>
				<ondown>noop</ondown>
				<onleft>Close</onleft>
				<onright>9000</onright>
				<font>Light35</font>
				<textcolor>ffdadada</textcolor>
				<focusedcolor>ffffc24b</focusedcolor>
				<label>$LOCALIZE[31026]</label>
				<include>NoTextures</include>
			</control>
		</control>
		<control type="group">
			<left>1020</left>
			<top>198</top>
			<animation effect="fade" end="100" start="0" time="200" delay="400">WindowOpen</animation>
			<!-- Heading -->
			<control type="label">
				<top>-14</top>
				<width>2340</width>
				<height>96</height>
				<font>Med48</font>
				<scroll>true</scroll>
				<textcolor>ffdadada</textcolor>
				<label>$VAR[VideoInfoLabel]</label>
				<include>DialogVideoInfoAnimation</include>
			</control>
			<!-- Year / Runtime / Rating -->
			<control type="grouplist">
				<top>116</top>
				<height>76</height>
				<itemgap>20</itemgap>
				<orientation>horizontal</orientation>
				<usecontrolcoords>true</usecontrolcoords>
				<visible>!Control.HasFocus(50)</visible>
				<animation effect="fade" end="0" start="100" time="0">Hidden</animation>
				<animation delay="200" effect="fade" end="100" start="0" time="80">Visible</animation>
				<control type="label">
					<top>-14</top>
					<width>auto</width>
					<height>68</height>
					<font>Light32</font>
					<aligny>bottom</aligny>
					<textcolor>ffbebebe</textcolor>
					<label>$INFO[ListItem.Year]  </label>
					<visible>!String.IsEmpty(ListItem.Year)</visible>
				</control>
				<control type="label">
					<top>-14</top>
					<width>auto</width>
					<height>68</height>
					<font>Light32</font>
					<aligny>bottom</aligny>
					<textcolor>ffbebebe</textcolor>
					<label>$VAR[DurationHours]$VAR[DurationSpacing]$VAR[DurationMins]  </label>
					<visible>!String.IsEmpty(ListItem.Duration)</visible>
				</control>
				<include>VideoDetails</include>
			</control>
			<!-- Star rating / Rating -->
			<control type="grouplist">
				<top>212</top>
				<height>80</height>
				<itemgap>20</itemgap>
				<orientation>horizontal</orientation>
				<usecontrolcoords>true</usecontrolcoords>
				<visible>!Control.HasFocus(50)</visible>
				<animation effect="fade" end="0" start="100" time="0">Hidden</animation>
				<animation delay="200" effect="fade" end="100" start="0" time="80">Visible</animation>
				<include>VideoRatings</include>
			</control>
			<control type="grouplist">
				<top>312</top>
				<width>5600</width>
				<height>2800</height>
				<itemgap>0</itemgap>
				<ondown>8</ondown>
				<orientation>vertical</orientation>
				<usecontrolcoords>true</usecontrolcoords>
				<animation condition="Control.HasFocus(50)" effect="slide" end="0,-182" start="0,0" time="200">Conditional</animation>
				<!-- Plot -->
				<control type="textbox">
					<width>2384</width>
					<height max="248">auto</height>
					<align>left</align>
					<font>Light30Spaced</font>
					<autoscroll>false</autoscroll>
					<textcolor>ffbbbbbb</textcolor>
					<label>$VAR[Plot]</label>
					<include>DialogVideoInfoAnimation</include>
					<visible>!String.IsEmpty(ListItem.Plot) | !String.IsEmpty(ListItem.PlotOutline)</visible>
				</control>
				<control id="3003" type="button">
					<onfocus>Close</onfocus>
					<visible allowhiddenfocus="true">false</visible>
				</control>
				<!-- More button -->
				<control id="3002" type="button">
					<left>2388</left>
					<top>-72</top>
					<width>74</width>
					<height>46</height>
					<onleft>7000</onleft>
					<onright>8</onright>
					<onclick>RunScript(script.skinvariables,run_dialog=textviewer,heading='empty',text='$ESCVAR[Plot]')</onclick>
					<include>DialogVideoInfoAnimation</include>
					<texturefocus>views/more_fo.png</texturefocus>
					<texturenofocus>views/more_nf.png</texturenofocus>
					<visible>Control.IsVisible(96)</visible>
				</control>
			</control>
			<!-- Starring -->
			<control type="grouplist">
				<top>594</top>
				<height>80</height>
				<itemgap>40</itemgap>
				<include>DialogVideoInfoAnimation</include>
				<orientation>horizontal</orientation>
				<usecontrolcoords>true</usecontrolcoords>
				<visible>!String.IsEmpty(ListItem.Cast)</visible>
				<animation condition="Control.HasFocus(50)" effect="fade" end="0" start="100" time="0">Conditional</animation>
				<animation condition="!Control.HasFocus(50)" delay="200" effect="fade" end="100" start="0" time="80">Conditional</animation>
				<control type="label">
					<width>auto</width>
					<height>48</height>
					<font>Med30</font>
					<aligny>bottom</aligny>
					<textcolor>ff717171</textcolor>
					<label>$LOCALIZE[31071]:</label>
				</control>
				<control type="label">
					<width max="2048">auto</width>
					<height>48</height>
					<font>Light30Spaced</font>
					<aligny>bottom</aligny>
					<textcolor>ffbcbcbc</textcolor>
					<label>$INFO[Container(50).ListItemAbsolute(0).Label]$INFO[Container(50).ListItemAbsolute(1).Label,$COMMA ]$INFO[Container(50).ListItemAbsolute(2).Label,$COMMA ]</label>
				</control>
			</control>
			<!-- Director -->
			<control type="grouplist">
				<top>678</top>
				<width>2384</width>
				<height>80</height>
				<itemgap>40</itemgap>
				<include>DialogVideoInfoAnimation</include>
				<orientation>horizontal</orientation>
				<usecontrolcoords>true</usecontrolcoords>
				<visible>!String.IsEmpty(ListItem.Director)</visible>
				<animation condition="Control.HasFocus(50)" effect="fade" end="0" start="100" time="0">Conditional</animation>
				<animation condition="!Control.HasFocus(50)" delay="200" effect="fade" end="100" start="0" time="80">Conditional</animation>
				<control type="label">
					<width>auto</width>
					<height>48</height>
					<font>Med30</font>
					<aligny>bottom</aligny>
					<textcolor>ff717171</textcolor>
					<label>$LOCALIZE[31072]:</label>
				</control>
				<control type="label">
					<width>auto</width>
					<height>48</height>
					<font>Light30Spaced</font>
					<aligny>bottom</aligny>
					<textcolor>ffbcbcbc</textcolor>
					<label>$INFO[ListItem.Director]</label>
				</control>
			</control>
			<!-- Next Airs -->
			<control type="grouplist">
				<top>678</top>
				<width>2384</width>
				<height>80</height>
				<itemgap>40</itemgap>
				<include>DialogVideoInfoAnimation</include>
				<orientation>horizontal</orientation>
				<usecontrolcoords>true</usecontrolcoords>
				<visible>String.IsEmpty(ListItem.Director) + String.IsEqual(ListItem.DBTYPE,tvshow) + !String.IsEmpty(Window(Home).Property(NextAired.NextDay))</visible>
				<animation condition="Control.HasFocus(50)" effect="fade" end="0" start="100" time="0">Conditional</animation>
				<animation condition="!Control.HasFocus(50)" delay="200" effect="fade" end="100" start="0" time="80">Conditional</animation>
				<control type="label">
					<width>auto</width>
					<height>48</height>
					<font>Med30</font>
					<aligny>bottom</aligny>
					<textcolor>ff717171</textcolor>
					<label>$LOCALIZE[31073]:</label>
				</control>
				<control type="label">
					<width>auto</width>
					<height>48</height>
					<font>Light30Spaced</font>
					<aligny>bottom</aligny>
					<textcolor>ffbcbcbc</textcolor>
					<label>$INFO[Window(Home).Property(NextAired.NextDay)]</label>
				</control>
			</control>
			<!-- Button grouplist -->
			<control id="9000" type="grouplist">
				<left>-24</left>
				<top>818</top>
				<width>3240</width>
				<height>232</height>
				<itemgap>0</itemgap>
				<onleft>7000</onleft>
				<onright>noop</onright>
				<orientation>horizontal</orientation>
				<include>DialogVideoInfoAnimation</include>
				<defaultcontrol always="true">9001</defaultcontrol>
				<animation condition="Control.HasFocus(50)" effect="slide" end="0,-384" start="0,0" time="200">Conditional</animation>
				<!-- Dummy to always set focus to first visible button -->
				<control id="9001" type="button">
					<width>0</width>
					<height>0</height>
					<onfocus>Right</onfocus>
					<include>NoTextures</include>
					<visible>!ControlGroup(9000).HasFocus()</visible>
				</control>
				<!-- Play/Browse Button -->
				<control id="8" type="togglebutton">
					<width min="248" max="408">auto</width>
					<wrapmultiline>true</wrapmultiline>
					<height>232</height>
					<onup condition="!Control.IsVisible(96)">Close</onup>
					<onup condition="Control.IsVisible(96)">3002</onup>
					<ondown>50</ondown>
					<font>Med24</font>
					<label>$VAR[VideoInfoButton8]</label>
					<altlabel>$VAR[AltVideoInfoButton8]</altlabel>
					<textoffsetx>56</textoffsetx>
					<textcolor>ffdadada</textcolor>
					<focusedcolor>ff222222</focusedcolor>
					<visible>Control.IsEnabled(8) + !Control.IsEnabled(9)</visible>
					<texturefocus border="28,12,10,14">views/button_fo.png</texturefocus>
					<texturenofocus border="32,12,12,12">views/button_nf.png</texturenofocus>
					<alttexturefocus border="28,12,10,14">views/button_fo.png</alttexturefocus>
					<alttexturenofocus border="32,12,12,12">views/button_nf.png</alttexturenofocus>
					<usealttexture>String.IsEqual(ListItem.DBTYPE,tvshow) | String.IsEqual(Container.Content,seasons) | String.IsEqual(ListItem.DBTYPE,set)</usealttexture>
				</control>
				<!-- Resume Button -->
				<control id="9" type="button">
					<width min="248" max="408">auto</width>
					<wrapmultiline>true</wrapmultiline>
					<height>232</height>
					<onup condition="!Control.IsVisible(96)">Close</onup>
					<onup condition="Control.IsVisible(96)">3002</onup>
					<ondown>50</ondown>
					<font>Med24</font>
					<label>13404</label>
					<textoffsetx>56</textoffsetx>
					<textcolor>ffdadada</textcolor>
					<focusedcolor>ff222222</focusedcolor>
					<visible>Control.IsEnabled(9)</visible>
					<texturefocus border="28,12,10,14">views/button_fo.png</texturefocus>
					<texturenofocus border="32,12,12,12">views/button_nf.png</texturenofocus>
				</control>
				<!-- User Rating Button -->
				<control id="1002" type="button">
					<width min="248" max="408">auto</width>
					<wrapmultiline>true</wrapmultiline>
					<height>232</height>
					<onup condition="!Control.IsVisible(96)">Close</onup>
					<onup condition="Control.IsVisible(96)">3002</onup>
					<ondown>50</ondown>
					<onclick>SetProperty(SetUserRating,video,home)</onclick>
					<onclick>SetProperty(UserRatingIcon,$INFO[ListItem.Icon],home)</onclick>
					<onclick>SendClick(7)</onclick>
					<font>Med24</font>
					<label>[CAPITALIZE]$LOCALIZE[31235][/CAPITALIZE][CR][COLOR=00ffffff]$LOCALIZE[31236][/COLOR]</label>
					<textoffsetx>56</textoffsetx>
					<textcolor>ffdadada</textcolor>
					<focusedcolor>ff222222</focusedcolor>
					<visible>Control.IsEnabled(7)</visible>
					<texturefocus border="28,12,10,14">views/button_fo.png</texturefocus>
					<texturenofocus border="32,12,12,12">views/button_nf.png</texturenofocus>
				</control>
				<!-- Trailer button -->
				<control id="1003" type="button">
					<width min="248" max="408">auto</width>
					<wrapmultiline>true</wrapmultiline>
					<height>232</height>
					<onup condition="!Control.IsVisible(96)">Close</onup>
					<onup condition="Control.IsVisible(96)">3002</onup>
					<ondown>50</ondown>
					<onclick condition="Player.HasMedia">PlayerControl(stop)</onclick>
					<onclick>Dialog.Close(all,true)</onclick>
					<onclick>PlayMedia($INFO[ListItem.Trailer])</onclick>
					<font>Med24</font>
					<label>$LOCALIZE[31075]</label>
					<textoffsetx>56</textoffsetx>
					<textcolor>ffdadada</textcolor>
					<focusedcolor>ff222222</focusedcolor>
					<visible>!String.IsEmpty(ListItem.Trailer)</visible>
					<texturefocus border="28,12,10,14">views/button_fo.png</texturefocus>
					<texturenofocus border="32,12,12,12">views/button_nf.png</texturenofocus>
				</control>
				<!-- Refresh Button -->
				<control id="6" type="button">
					<width min="248" max="408">auto</width>
					<wrapmultiline>true</wrapmultiline>
					<height>232</height>
					<onup condition="!Control.IsVisible(96)">Close</onup>
					<onup condition="Control.IsVisible(96)">3002</onup>
					<ondown>50</ondown>
					<font>Med24</font>
					<label>31205</label>
					<textoffsetx>56</textoffsetx>
					<textcolor>ffdadada</textcolor>
					<focusedcolor>ff222222</focusedcolor>
					<visible>Control.IsEnabled(6)</visible>
					<texturefocus border="28,12,10,14">views/button_fo.png</texturefocus>
					<texturenofocus border="32,12,12,12">views/button_nf.png</texturenofocus>
				</control>
				<!-- Get Thumb Button -->
				<control id="10" type="button">
					<width min="248" max="408">auto</width>
					<wrapmultiline>true</wrapmultiline>
					<height>232</height>
					<onup condition="!Control.IsVisible(96)">Close</onup>
					<onup condition="Control.IsVisible(96)">3002</onup>
					<ondown>50</ondown>
					<font>Med24</font>
					<label>[CAPITALIZE]$LOCALIZE[31165][/CAPITALIZE]</label>
					<textoffsetx>56</textoffsetx>
					<textcolor>ffdadada</textcolor>
					<focusedcolor>ff222222</focusedcolor>
					<visible>Control.IsEnabled(10)</visible>
					<texturefocus border="28,12,10,14">views/button_fo.png</texturefocus>
					<texturenofocus border="32,12,12,12">views/button_nf.png</texturenofocus>
				</control>
				<!-- Cinema Experience Button -->
				<control id="21" type="button">
					<width min="248" max="408">auto</width>
					<wrapmultiline>true</wrapmultiline>
					<height>232</height>
					<onup condition="!Control.IsVisible(96)">Close</onup>
					<onup condition="Control.IsVisible(96)">3002</onup>
					<ondown>50</ondown>
					<onclick>Dialog.Close(MovieInformation)</onclick>
					<onclick>RunScript(script.cinema.experience,movieid=$INFO[ListItem.DBID])</onclick>
					<font>Med24</font>
					<label>31104</label>
					<textoffsetx>56</textoffsetx>
					<textcolor>ffdadada</textcolor>
					<focusedcolor>ff222222</focusedcolor>
					<texturefocus border="28,12,10,14">views/button_fo.png</texturefocus>
					<texturenofocus border="32,12,12,12">views/button_nf.png</texturenofocus>
					<visible>System.HasAddon(script.cinema.experience) + String.IsEqual(ListItem.DBTYPE,movie)</visible>
				</control>
				<!-- Special Features button -->
				<control type="button" id="22">
					<width min="248" max="408">auto</width>
					<wrapmultiline>true</wrapmultiline>
					<height>232</height>
					<onup condition="!Control.IsVisible(96)">Close</onup>
					<onup condition="Control.IsVisible(96)">3002</onup>
					<ondown>50</ondown>
					<font>Med24</font>
					<label>$LOCALIZE[31023]</label>
					<textoffsetx>56</textoffsetx>
					<textcolor>ffdadada</textcolor>
					<focusedcolor>ff222222</focusedcolor>
					<onclick>Action(close)</onclick>
					<onclick>RunScript(plugin.video.specialfeatures,ListItem)</onclick>
					<texturefocus border="28,12,10,14">views/button_fo.png</texturefocus>
					<texturenofocus border="32,12,12,12">views/button_nf.png</texturenofocus>
					<visible>String.IsEqual(Window(home).Property(SpecialFeatures.Visible),true)</visible>
				</control>
				<!-- Versions button -->
				<control type="button" id="14">
					<width min="248" max="408">auto</width>
					<wrapmultiline>true</wrapmultiline>
					<height>232</height>
					<onup condition="!Control.IsVisible(96)">Close</onup>
					<onup condition="Control.IsVisible(96)">3002</onup>
					<ondown>500</ondown>
					<font>Med24</font>
					<label>$LOCALIZE[31188]</label>
					<textoffsetx>56</textoffsetx>
					<textcolor>ffdadada</textcolor>
					<focusedcolor>ff222222</focusedcolor>
					<texturefocus border="28,12,10,14">views/button_fo.png</texturefocus>
					<texturenofocus border="32,12,12,12">views/button_nf.png</texturenofocus>
					<visible>ListItem.HasVideoVersions</visible>
				</control>
				<!-- Extras button -->
				<control type="button" id="15">
					<width min="248" max="408">auto</width>
					<wrapmultiline>true</wrapmultiline>
					<height>232</height>
					<onup condition="!Control.IsVisible(96)">Close</onup>
					<onup condition="Control.IsVisible(96)">3002</onup>
					<ondown>500</ondown>
					<font>Med24</font>
					<label>$LOCALIZE[31189]</label>
					<textoffsetx>56</textoffsetx>
					<textcolor>ffdadada</textcolor>
					<focusedcolor>ff222222</focusedcolor>
					<texturefocus border="28,12,10,14">views/button_fo.png</texturefocus>
					<texturenofocus border="32,12,12,12">views/button_nf.png</texturenofocus>
					<visible>ListItem.HasVideoExtras</visible>
				</control>
				<!-- Wikipedia button -->
				<control type="button" id="1004">
					<width min="248" max="408">auto</width>
					<wrapmultiline>true</wrapmultiline>
					<height>232</height>
					<onup condition="!Control.IsVisible(96)">Close</onup>
					<onup condition="Control.IsVisible(96)">3002</onup>
					<ondown>500</ondown>
					<font>Med24</font>
					<label>Wikipedia</label>
					<textoffsetx>56</textoffsetx>
					<textcolor>ffdadada</textcolor>
					<focusedcolor>ff222222</focusedcolor>
					<onclick>RunScript(script.wikipedia,wikipedia=$INFO[Container(99950).ListItem.Property(base_title)],$VAR[TmdbType])</onclick>
					<texturefocus border="28,12,10,14">views/button_fo.png</texturefocus>
					<texturenofocus border="32,12,12,12">views/button_nf.png</texturenofocus>
					<visible>String.IsEqual(ListItem.DBType,movie) | String.IsEqual(ListItem.DBType,tvshow)</visible>
				</control>
			</control>
			<!-- Dummy Button grouplist -->
			<control type="grouplist">
				<left>-24</left>
				<top>818</top>
				<width>3240</width>
				<height>232</height>
				<itemgap>0</itemgap>
				<orientation>horizontal</orientation>
				<usecontrolcoords>true</usecontrolcoords>
				<include>DialogVideoInfoAnimation</include>
				<animation condition="Control.HasFocus(50)" effect="slide" end="0,-384" start="0,0" time="200">Conditional</animation>
				<!-- Play/Browse Button -->
				<control type="button">
					<width min="248" max="408">auto</width>
					<wrapmultiline>true</wrapmultiline>
					<height>232</height>
					<font>Med24</font>
					<label>$INFO[Control.GetLabel(8)]</label>
					<textoffsetx>56</textoffsetx>
					<textcolor>00ffffff</textcolor>
					<focusedcolor>00ffffff</focusedcolor>
					<visible>Control.IsEnabled(8) + !Control.IsEnabled(9)</visible>
					<texturefocus/>
					<texturenofocus/>
				</control>
				<!-- Resume Button -->
				<control type="button">
					<width min="248" max="408">auto</width>
					<wrapmultiline>true</wrapmultiline>
					<height>232</height>
					<font>Med24</font>
					<label>$INFO[Control.GetLabel(9)]</label>
					<textoffsetx>56</textoffsetx>
					<textcolor>00ffffff</textcolor>
					<focusedcolor>00ffffff</focusedcolor>
					<visible>Control.IsEnabled(9)</visible>
					<texturefocus/>
					<texturenofocus/>
				</control>
				<!-- User Rating Button -->
				<control type="image">
					<left>58</left>
					<top>130</top>
					<width>230</width>
					<height>44</height>
					<visible>Control.IsEnabled(7)</visible>
					<texture>$VAR[UserRatingButton]</texture>
				</control>
			</control>
		</control>
		<control type="group">
			<left>-134</left>
			<top>1372</top>
			<animation effect="fade" end="100" start="0" time="200" delay="800">WindowOpen</animation>
			<!-- Cast label -->
			<control type="label">
				<left>1150</left>
				<width>2000</width>
				<height>64</height>
				<font>Med32</font>
				<textcolor>ff717171</textcolor>
				<label>$LOCALIZE[31076]</label>
				<animation delay="400" effect="fade" end="100" start="0" time="200">Visible</animation>
				<animation effect="fade" end="0" start="100" time="0">Hidden</animation>
				<visible>!String.IsEmpty(Container(50).ListItem.Label) + !Control.HasFocus(50)</visible>
			</control>
			<!-- Cast -->
			<control id="50" type="fixedlist">
				<left>-50</left>
				<top>-542</top>
				<width>5200</width>
				<height>1152</height>
				<onclick>Control.SetFocus(50,0,absolute)</onclick>
				<onup>Control.SetFocus(50,0,absolute)</onup>
				<onup>9001</onup>
				<ondown>noop</ondown>
				<onleft>Control.SetFocus(50,0,absolute)</onleft>
				<onleft>7000</onleft>
				<onright>noop</onright>
				<onright condition="!Window.IsVisible(1103)">SetProperty(BounceRight,1,Home)</onright>
				<onback>Control.SetFocus(50,0,absolute)</onback>
				<onback>7000</onback>
				<preloaditems>2</preloaditems>
				<focusposition>2</focusposition>
				<viewtype label="list">list</viewtype>
				<orientation>horizontal</orientation>
				<scrolltime easing="inout" tween="sine">300</scrolltime>
				<include>ListBounceAnimation</include>
				<animation delay="300" effect="fade" end="100" start="0" time="300">Visible</animation>
				<animation effect="fade" end="0" start="100" time="300">Hidden</animation>
				<animation center="960,2044" condition="!Control.HasFocus(50)" easing="inout" effect="zoom" end="81" start="100" time="300" tween="sine">Conditional</animation>
				<itemlayout height="1152" width="600">
					<control type="group">
						<animation center="300,576" condition="true" effect="zoom" end="85" start="85">Conditional</animation>
						<control type="image">
							<left>-96</left>
							<centertop>576</centertop>
							<width>832</width>
							<height>1152</height>
							<texture border="100">views/shadow_nf.png</texture>
						</control>
						<control type="image">
							<top>96</top>
							<width>640</width>
							<height>960</height>
							<aspectratio align="center">scale</aspectratio>
							<texture background="true">$INFO[ListItem.Icon]</texture>
						</control>
						<control type="image">
							<bottom>96</bottom>
							<width>640</width>
							<height>330</height>
							<texture border="4">views/default_overlay.png</texture>
							<visible>!String.Contains(ListItem.Icon,Default)</visible>
						</control>
						<control type="label">
							<left>36</left>
							<top>824</top>
							<width>580</width>
							<height>84</height>
							<font>Bold42</font>
							<textcolor>ffffffff</textcolor>
							<shadowcolor>ShadowColour</shadowcolor>
							<label>$INFO[ListItem.Label]</label>
						</control>
						<control type="label">
							<left>36</left>
							<top>926</top>
							<width>580</width>
							<height>56</height>
							<font>Med28</font>
							<scroll>false</scroll>
							<textcolor>ffffffff</textcolor>
							<shadowcolor>ShadowColour</shadowcolor>
							<label>$INFO[ListItem.Label2,$LOCALIZE[20347] ,]</label>
						</control>
						<control type="image">
							<top>96</top>
							<width>640</width>
							<height>960</height>
							<texture>views/OverlayNF.png</texture>
							<visible>Control.HasFocus(50)</visible>
							<animation center="auto" easing="inout" effect="fade" end="100" start="0" time="300" tween="sine">VisibleChange</animation>
						</control>
					</control>
				</itemlayout>
				<focusedlayout height="1152" width="600">
					<control type="group">
						<animation center="300,576" condition="Control.HasFocus(50) + [Container(50).OnNext | Container(50).OnPrevious]" easing="inout" effect="zoom" end="100" start="85" time="300" tween="sine">Focus</animation>
						<animation center="300,576" condition="Control.HasFocus(50) + [Container(50).OnNext | Container(50).OnPrevious]" easing="inout" effect="zoom" end="85" start="100" time="300" tween="sine">UnFocus</animation>
						<animation center="300,576" condition="!Control.HasFocus(50)" easing="inout" effect="zoom" end="85" start="100" time="300" tween="sine">Conditional</animation>
						<control type="image">
							<left>-96</left>
							<centertop>576</centertop>
							<width>832</width>
							<height>1152</height>
							<texture border="100">views/shadow_fo.png</texture>
							<include content="ContainerMoveFadeAnimation">
								<param name="ListID" value="50"/>
							</include>
						</control>
						<control type="image">
							<left>-96</left>
							<centertop>576</centertop>
							<width>832</width>
							<height>1152</height>
							<texture border="100">views/shadow_nf.png</texture>
							<include content="FocusedListIDAnimation">
								<param name="ListID" value="50"/>
							</include>
						</control>
						<control type="image">
							<top>96</top>
							<width>640</width>
							<height>960</height>
							<aspectratio align="center">scale</aspectratio>
							<texture background="true">$INFO[ListItem.Icon]</texture>
						</control>
						<control type="image">
							<bottom>96</bottom>
							<width>640</width>
							<height>330</height>
							<texture border="4">views/default_overlay.png</texture>
							<visible>!String.Contains(ListItem.Icon,Default)</visible>
							<include content="FocusedListIDAnimation">
								<param name="ListID" value="50"/>
							</include>
						</control>
						<control type="label">
							<left>36</left>
							<top>824</top>
							<width>580</width>
							<height>84</height>
							<font>Bold42</font>
							<scroll>false</scroll>
							<textcolor>ffffffff</textcolor>
							<shadowcolor>ShadowColour</shadowcolor>
							<label>$INFO[ListItem.Label]</label>
							<include content="FocusedListIDAnimation">
								<param name="ListID" value="50"/>
							</include>
						</control>
						<control type="label">
							<left>36</left>
							<top>926</top>
							<width>580</width>
							<height>56</height>
							<font>Med28</font>
							<scroll>false</scroll>
							<textcolor>ffffffff</textcolor>
							<shadowcolor>ShadowColour</shadowcolor>
							<label>$INFO[ListItem.Label2,$LOCALIZE[20347] ,]</label>
							<include content="FocusedListIDAnimation">
								<param name="ListID" value="50"/>
							</include>
						</control>
						<control type="image">
							<top>96</top>
							<width>640</width>
							<height>960</height>
							<texture>views/OverlayNF.png</texture>
							<visible>Control.HasFocus(50)</visible>
							<include content="FocusedListIDAnimation">
								<param name="ListID" value="50"/>
							</include>
						</control>
					</control>
				</focusedlayout>
			</control>
			<!-- Info -->
			<control type="grouplist">
				<left>1150</left>
				<top>554</top>
				<width>2384</width>
				<height>80</height>
				<itemgap>16</itemgap>
				<orientation>horizontal</orientation>
				<usecontrolcoords>true</usecontrolcoords>
				<visible>Control.HasFocus(50)</visible>
				<animation delay="300" easing="inout" effect="fade" end="100" start="0" time="120" tween="sine">Visible</animation>
				<animation effect="fade" end="0" start="100" time="0">Hidden</animation>
				<control type="label">
					<width>auto</width>
					<height>72</height>
					<align>left</align>
					<font>Bold31</font>
					<textcolor>ffbcbcbc</textcolor>
					<label>$INFO[Container(50).ListItem.Label]</label>
					<visible>Control.HasFocus(50)</visible>
				</control>
				<control type="label">
					<top>14</top>
					<width>auto</width>
					<height>58</height>
					<align>left</align>
					<font>Light24</font>
					<textcolor>ffbcbcbc</textcolor>
					<label>$INFO[Container(50).ListItem.Label2,$LOCALIZE[20347] ,]</label>
					<visible>Control.HasFocus(50)</visible>
				</control>
			</control>
		</control>
	</include>
</includes>
