<?xml version="1.0" encoding="UTF-8"?>
<includes>
    
	<variable name="PVRGuideControlsHelpTextVar">
		<value condition="Control.HasFocus(600)">$LOCALIZE[19063]</value>
		<value condition="Control.HasFocus(601)">$LOCALIZE[19317]</value>
		<value condition="Control.HasFocus(602)">$LOCALIZE[19070]</value>
		<value condition="Control.HasFocus(603)">$LOCALIZE[19318]</value>
		<value condition="Control.HasFocus(604)">$LOCALIZE[19064]</value>
		<value condition="Control.HasFocus(605)">$LOCALIZE[19288]</value>
		<value condition="Control.HasFocus(606)">$LOCALIZE[19322]</value>
		<value condition="Control.HasFocus(607)">$LOCALIZE[19323]</value>
		<value condition="Control.HasFocus(608)">$LOCALIZE[19324]</value>
		<value condition="Control.HasFocus(609)">$LOCALIZE[19319]</value>
		<value condition="Control.HasFocus(610)">$LOCALIZE[19320]</value>
		<value condition="Control.HasFocus(611)">$LOCALIZE[19321]</value>
	</variable>
	
	<include name="PVRHeader">
        <control type="group">
            <depth>DepthHeader</depth>
            <control type="image">
                <description>Section header image</description>
                <left>30</left>
                <top>4</top>
                <width>52</width>
                <height>52</height>
                <aspectratio>keep</aspectratio>
                <texture>icon_video.png</texture>
                <animation effect="fade" start="100" end="0" time="200" condition="Window.IsVisible(notification)">Conditional</animation>
                <visible>!Skin.HasSetting(AllScreenTopLeftWidget) + !Skin.HasSetting(HideTopLeftWindows)</visible>
            </control>
            <control type="grouplist">
                <left>98</left>
                <top>8</top>
                <width>1500</width>
                <height>45</height>
                <orientation>horizontal</orientation>
                <align>left</align>
                <itemgap>8</itemgap>
                <visible>!Skin.HasSetting(AllScreenTopLeftWidget) + !Skin.HasSetting(HideTopLeftWindows)</visible>
                <control type="label">
                    <include>WindowTitleCommons</include>
                    <label>$LOCALIZE[19020]</label>
                    <visible>String.IsEmpty(Window.Property(IsRadio))</visible>
                </control>
                <control type="label">
                    <include>WindowTitleCommons</include>
                    <label>$LOCALIZE[19021]</label>
                    <visible>!String.IsEmpty(Window.Property(IsRadio))</visible>
                </control>
                <control type="label">
                    <include>WindowTitleCommons</include>
                    <label>[COLOR=$VAR[MainColorOne]] - [/COLOR]$LOCALIZE[19019]</label>
                    <visible>Window.IsActive(TVChannels) | Window.IsActive(RadioChannels)</visible>
                </control>
                <control type="label">
                    <include>WindowTitleCommons</include>
                    <label>[COLOR=$VAR[MainColorOne]] - [/COLOR]$LOCALIZE[22020]</label>
                    <visible>Window.IsActive(TVGuide) | Window.IsActive(RadioGuide)</visible>
                </control>
                <control type="label">
                    <include>WindowTitleCommons</include>
                    <label>[COLOR=$VAR[MainColorOne]] - [/COLOR]$LOCALIZE[19017]</label>
                    <visible>Window.IsActive(TVRecordings) | Window.IsActive(RadioRecordings)</visible>
                </control>
                <control type="label">
                    <include>WindowTitleCommons</include>
                    <label>[COLOR=$VAR[MainColorOne]] - [/COLOR]$LOCALIZE[19138]</label>
                    <visible>Window.IsActive(TVTimerRules) | Window.IsActive(RadioTimerRules)</visible>
                </control>
                <control type="label">
                    <include>WindowTitleCommons</include>
                    <label>[COLOR=$VAR[MainColorOne]] - [/COLOR]$LOCALIZE[19040]</label>
                    <visible>Window.IsActive(TVTimers) | Window.IsActive(RadioTimers)</visible>
                </control>
                <control type="label">
                    <include>WindowTitleCommons</include>
                    <label>[COLOR=$VAR[MainColorOne]] - [/COLOR]$LOCALIZE[137]</label>
                    <visible>Window.IsActive(TVSearch) | Window.IsActive(RadioSearch)</visible>
                </control>
                <control type="label">
                    <include>WindowTitleCommons</include>
                    <label>[COLOR=$VAR[MainColorOne]] - [/COLOR]$INFO[Control.GetLabel(29)]</label>
                </control>
                <control type="label">
                    <include>WindowTitleCommons</include>
                    <label>[COLOR=$VAR[MainColorOne]] - [/COLOR]$INFO[Control.GetLabel(30)]</label>
                </control>
            </control>
            <include condition="Skin.HasSetting(AllScreenTopLeftWidget) + !Skin.HasSetting(HideTopLeftWindows)">TopLeftInfo</include>
            <control type="label" id="29">
                <description>Empty so we can pass the values up one level</description>
                <visible>False</visible>
            </control>
            <control type="label" id="30">
                <description>Empty so we can pass the values up one level</description>
                <visible>False</visible>
            </control>
            <include>Clock</include>
		    <include>Date</include>
        </control>
    </include>
    <include name="PVRSideBlade">
        <control type="group">
            <visible>!Skin.HasSetting(KioskMode)</visible>
            <left>-375</left>
            <include>SideBladeLeft</include>
            <control type="grouplist" id="9000">
                <left>0</left>
                <top>82</top>
                <width>375</width>
                <height>900</height>
                <onfocus condition="String.IsEmpty(Window.Property(SideBladeOpen))">SetProperty(SideBladeOpen,True)</onfocus>
                <onleft>50</onleft>
                <onright>ClearProperty(SideBladeOpen)</onright>
                <onright>50</onright>
                <onup>888</onup>
                <ondown>9000</ondown>
                <onback>ClearProperty(SideBladeOpen)</onback>
                <itemgap>0</itemgap>
                <control type="label" id="200">
                    <width>375</width>
                    <height>52</height>
                    <font>font13</font>
                    <label>33063</label>
                    <textcolor>$VAR[MainColorOne]</textcolor>
                    <align>center</align>
                    <aligny>center</aligny>
                </control>
                <control type="button" id="100">
                    <description>Channels</description>
                    <textwidth>352</textwidth>
                    <include>ButtonCommonValues</include>
                    <label>19019</label>
                    <onclick condition="Window.IsActive(TVChannels) | Window.IsActive(RadioChannels)">NextChannelGroup</onclick>
                    <onclick condition="String.IsEmpty(Window.Property(IsRadio))">ActivateWindow(TVChannels)</onclick>
                    <onclick condition="!String.IsEmpty(Window.Property(IsRadio))">ActivateWindow(RadioChannels)</onclick>
                </control>
                <control type="button" id="101">
                    <description>TV Guide</description>
                    <textwidth>352</textwidth>
                    <include>ButtonCommonValues</include>
                    <label>22020</label>
                    <onclick condition="Window.IsActive(TVGuide) | Window.IsActive(RadioGuide)">NextChannelGroup</onclick>
                    <onclick condition="String.IsEmpty(Window.Property(IsRadio))">ActivateWindow(TVGuide)</onclick>
                    <onclick condition="!String.IsEmpty(Window.Property(IsRadio))">ActivateWindow(RadioGuide)</onclick>
                </control>
                <control type="button" id="102">
                    <description>Recordings</description>
                    <textwidth>352</textwidth>
                    <include>ButtonCommonValues</include>
                    <label>19163</label>
                    <onclick condition="String.IsEmpty(Window.Property(IsRadio))">ActivateWindow(TVRecordings)</onclick>
                    <onclick condition="!String.IsEmpty(Window.Property(IsRadio))">ActivateWindow(RadioRecordings)</onclick>
                </control>
                <control type="button" id="105">
                    <description>Timer Rules</description>
                    <textwidth>352</textwidth>
                    <include>ButtonCommonValues</include>
                    <label>19138</label>
                    <onclick condition="String.IsEmpty(Window.Property(IsRadio))">ActivateWindow(TVTimerRules)</onclick>
                    <onclick condition="!String.IsEmpty(Window.Property(IsRadio))">ActivateWindow(RadioTimerRules)</onclick>
                </control>
                <control type="button" id="103">
                    <description>Timers</description>
                    <textwidth>352</textwidth>
                    <include>ButtonCommonValues</include>
                    <label>19040</label>
                    <onclick condition="String.IsEmpty(Window.Property(IsRadio))">ActivateWindow(TVTimers)</onclick>
                    <onclick condition="!String.IsEmpty(Window.Property(IsRadio))">ActivateWindow(RadioTimers)</onclick>
                </control>
                <control type="button" id="104">
                    <description>Search</description>
                    <textwidth>352</textwidth>
                    <include>ButtonCommonValues</include>
                    <label>137</label>
                    <onclick condition="String.IsEmpty(Window.Property(IsRadio))">ActivateWindow(TVSearch)</onclick>
                    <onclick condition="!String.IsEmpty(Window.Property(IsRadio))">ActivateWindow(RadioSearch)</onclick>
                </control>
                <control type="label" id="201">
                    <width>375</width>
                    <height>52</height>
                    <font>font12</font>
                    <label>31006</label>
                    <textcolor>$VAR[MainColorOne]</textcolor>
                    <align>center</align>
                    <aligny>center</aligny>
                </control>
                <control type="button" id="28">
                    <description>Channel Groups</description>
                    <textwidth>352</textwidth>
                    <include>ButtonCommonValues</include>
                    <label></label>
                </control>
                <control type="button" id="2">
                    <description>View As button</description>
                    <textwidth>352</textwidth>
                    <include>ButtonCommonValues</include>
                    <label></label>
                    <!-- <visible>Window.IsActive(TVGuide) | Window.IsActive(RadioGuide)</visible> -->
                </control>
                <control type="button" id="3">
                    <description>Sort by button</description>
                    <include>ButtonCommonValues</include>
                    <label>103</label>
                </control>
                <control type="togglebutton" id="4">
                    <description>Sort asc</description>
                    <include>ButtonCommonValues</include>
                    <include>NormalButton</include>
                    <include>AltButton</include>
                    <alttexturenofocus></alttexturenofocus>
                    <label>31051</label>
                    <altlabel>31050</altlabel>
                    <usealttexture>Container.SortDirection(Ascending)</usealttexture>
                </control>
                <!-- Misc Options (ID is completely arbitrary) -->
                <control type="label" id="205">
                    <width>375</width>
                    <height>52</height>
                    <font>font12</font>
                    <label>31026</label>
                    <textcolor>$VAR[MainColorOne]</textcolor>
                    <align>center</align>
                    <aligny>center</aligny>
                    <visible>Control.IsVisible(5) | Control.IsVisible(6) | Control.IsVisible(7) | Control.IsVisible(8) | Control.IsVisible(10)</visible>
                </control>
                <control type="button" id="10">
                    <description>Watched Toggle</description>
                    <textwidth>352</textwidth>
                    <include>ButtonCommonValues</include>
                    <label>20367</label>
                    <visible>Window.IsActive(TVRecordings)</visible>
                </control>
                <control type="radiobutton" id="5">
                    <description>Group recording items by folder structure</description>
                    <textwidth>352</textwidth>
                    <include>ButtonCommonValues</include>
                    <label>19270</label>
                    <visible>Window.IsActive(TVRecordings) | Window.IsActive(RadioRecordings)</visible>
                </control>
                <control type="radiobutton" id="6">
                    <description>Show hidden channels</description>
                    <textwidth>352</textwidth>
                    <include>ButtonCommonValues</include>
                    <label>19051</label>
                    <visible>Window.IsActive(TVChannels) | Window.IsActive(RadioChannels)</visible>
                </control>
                <control type="radiobutton" id="7">
                    <description>Show deleted recordings</description>
                    <textwidth>352</textwidth>
                    <include>ButtonCommonValues</include>
                    <label>19184</label>
                    <visible>Window.IsActive(TVRecordings) | Window.IsActive(RadioRecordings)</visible>
                </control>
                <control type="radiobutton" id="8">
                    <description>Hide disabled timers</description>
                    <textwidth>352</textwidth>
                    <include>ButtonCommonValues</include>
                    <label>19077</label>
                    <visible>Window.IsActive(TVTimers) | Window.IsActive(RadioTimers) | Window.IsActive(TVTimerRules) | Window.IsActive(RadioTimerRules)</visible>
                </control>
                <control type="radiobutton" id="31">
                    <description>Filter</description>
                    <textwidth>352</textwidth>
                    <include>ButtonCommonValues</include>
                    <label>587</label>
                    <selected>Container.Filtered</selected>
                    <onclick>right</onclick>
                    <visible>Window.IsActive(TVChannels) | Window.IsActive(RadioChannels)</visible>
                </control>
				<control type="label" id="210">
					<width>250</width>
					<height>35</height>
					<font>font12</font>
					<label>           Άλλες Επιλογές</label>
					<textcolor>dodgerblue</textcolor>
					<align>center</align>
					<aligny>center</aligny>
				</control>
        <control type="grouplist" id="888">
            <depth>DepthFooter</depth>
            <include>Window_OpenClose_Animation</include>
            <left>30</left>
            <top>85r</top>
            <onup condition="Skin.HasSetting(LowerMainMenuBar)">9000</onup>
            <ondown>9000</ondown>
            <align>center</align>
            <orientation>horizontal</orientation>
            <itemgap>15</itemgap>
            <control type="radiobutton" id="331">
                <description>Mac Player</description>
                <textureradioonfocus>special://home/addons/plugin.image.World/resources/media/iloveimg-resized(2)/mac.png</textureradioonfocus>
                <textureradioonnofocus>special://home/addons/plugin.image.World/resources/media/iloveimg-resized(2)/mac.png</textureradioonnofocus>
                <textureradioofffocus>special://home/addons/plugin.image.World/resources/media/iloveimg-resized(2)/mac.png</textureradioofffocus>
                <textureradiooffnofocus>special://home/addons/plugin.image.World/resources/media/iloveimg-resized(2)/mac.png</textureradiooffnofocus>
                <texturefocus border="5" colordiffuse="$VAR[MainColorOne]">folder-focus.png</texturefocus>
                <texturenofocus border="5">floor_button.png</texturenofocus>
                <width>68</width>
                <height>68</height>
                <radiowidth>56</radiowidth>
                <radioheight>56</radioheight>
                <radioposx>6</radioposx>
                <radioposy>6</radioposy>
                <label>[B]Mac Player[/B]</label>
                <font></font>
                <onclick>RunScript("special://home/addons/skin.19MatrixWorld/xml/Dialog PVRSideBlade/MacPlayer.py")</onclick>
                <include condition="!String.IsEmpty(Skin.String(HomeTrans))">HomeTransparentEffect</include>
                <visible>!Skin.HasSetting(HideHomePowerBtn)</visible>
            </control>
            <control type="radiobutton" id="332">
                <description>MyIPTV</description>
                <textureradioonfocus>special://home/addons/plugin.image.World/resources/media/addonset foto/iptv.png</textureradioonfocus>
                <textureradioonnofocus>special://home/addons/plugin.image.World/resources/media/addonset foto/iptv.png</textureradioonnofocus>
                <textureradioofffocus>special://home/addons/plugin.image.World/resources/media/addonset foto/iptv.png</textureradioofffocus>
                <textureradiooffnofocus>special://home/addons/plugin.image.World/resources/media/addonset foto/iptv.png</textureradiooffnofocus>
                <texturefocus border="5" colordiffuse="$VAR[MainColorOne]">folder-focus.png</texturefocus>
                <texturenofocus border="5">floor_button.png</texturenofocus>
                <width>68</width>
                <height>68</height>
                <radiowidth>56</radiowidth>
                <radioheight>56</radioheight>
                <radioposx>6</radioposx>
                <radioposy>6</radioposy>
                <label>My[COLOR orangered]IPTV[/COLOR]</label>
                <font></font>
					<onclick condition="!Skin.HasSetting(HideFavorites)">RunScript("special://home/addons/skin.19MatrixWorld/xml/Dialog PVRSideBlade/MyIPTV.py")</onclick>
                <include condition="!String.IsEmpty(Skin.String(HomeTrans))">HomeTransparentEffect</include>
                <visible>!Skin.HasSetting(HideFavorites)</visible>
            </control>
			<control type="radiobutton" id="333">
                <description>MacVod</description>
                <textureradioonfocus>special://home/addons\plugin.video.macvod\icon.png</textureradioonfocus>
                <textureradioonnofocus>special://home/addons\plugin.video.macvod\icon.png</textureradioonnofocus>
                <textureradioofffocus>special://home/addons\plugin.video.macvod\icon.png</textureradioofffocus>
                <textureradiooffnofocus>special://home/addons\plugin.video.macvod\icon.png</textureradiooffnofocus>
                <texturefocus border="5" colordiffuse="$VAR[MainColorOne]">folder-focus.png</texturefocus>
                <texturenofocus border="5">floor_button.png</texturenofocus>
                <width>68</width>
                <height>68</height>
                <radiowidth>56</radiowidth>
                <radioheight>56</radioheight>
                <radioposx>6</radioposx>
                <radioposy>6</radioposy>
                <label></label>
                <font></font>
                <onclick>RunScript("special://home/addons/skin.19MatrixWorld/xml/Dialog PVRSideBlade/MacVod.py")</onclick>
                <include condition="!String.IsEmpty(Skin.String(HomeTrans))">HomeTransparentEffect</include>
                <visible>!Skin.HasSetting(wizardpushBtn)</visible>
            </control>
			<control type="radiobutton//0ff" id="334">
                <description>KodiBalkanWorld</description>
                <textureradioonfocus>special://home/addons/plugin.image.World/resources/media/addonset foto/worldclient.png</textureradioonfocus>
                <textureradioonnofocus>special://home/addons/plugin.image.World/resources/media/addonset foto/worldclient.png</textureradioonnofocus>
                <textureradioofffocus>special://home/addons/plugin.image.World/resources/media/addonset foto/worldclient.png</textureradioofffocus>
tvremote.png                tvremote.png<textureradiooffnofocus>special://home/addons/plugin.image.World/resources/media/addonset foto/worldclient.png</textureradiooffnofocus>
                <texturefocus border="5" colordiffuse="$VAR[MainColorOne]">folder-focus.png</texturefocus>
                <texturenofocus border="5">floor_button.png</texturenofocus>
                <width>68</width>
                <height>68</height>
                <radiowidth>56</radiowidth>
                <radioheight>56</radioheight>
                <radioposx>6</radioposx>
                <radioposy>6</radioposy>
                <label></label>
                <font></font>
                <onclick>RunScript("special://home/addons/skin.19MatrixWorld/xml/Dialog PVRSideBlade/KodiBalkanWorld.py")</onclick>
                <include condition="!String.IsEmpty(Skin.String(HomeTrans))">HomeTransparentEffect</include>
                <visible>!Skin.HasSetting(wizardpushBtn)</visible>
            </control>
        </control>
                <!-- Playback controls -->
                <include>CommonNowPlaying_Controls</include>
            </control>
        </control>
    </include>
</includes>
