<?xml version="1.0" encoding="UTF-8"?>
<window type="dialog">
	<defaultcontrol always="true">9902</defaultcontrol>
	<onload>Skin.SetString(Wikipedia.Format.Link,[COLOR ff717171]{}[/COLOR])</onload>
	<controls>
		<!-- TMDbHelper monitor list -->
		<control type="list" id="99950">
			<include>HiddenList</include>
		</control>
		<!-- Background -->
		<include>BackgroundImage</include>
		<!-- Fanart -->
		<control type="group">
			<control type="image">
				<include>FullscreenDimensions</include>
				<colordiffuse>26ffffff</colordiffuse>
				<aspectratio aligny="center">scale</aspectratio>
				<!-- texture background="true">$INFO[Window.Property(Backdrop)]</texture -->
			</control>
			<include>DialogVideoInfoAnimation</include>
		</control>
		<control type="group">
			<left>20</left>
			<top>10</top>
			<include>DialogVideoInfoAnimation</include>
			<animation effect="fade" end="100" start="0" time="200">WindowOpen</animation>
			<!-- Image -->
			<control type="image">
				<width>340</width>
				<height>560</height>
				<texture fallback="views/poster_fallback.png" background="true">$INFO[Window.Property(Image)]</texture>
				<aspectratio align="left" aligny="top">keep</aspectratio>
				<visible>!String.Contains(Window.Property(Image),wikiquote-logo.svg.png)</visible>
			</control>
			<control type="image">
				<width>340</width>
				<height>560</height>
				<texture>wikipedia/poster_fallback.png</texture>
				<aspectratio align="left" aligny="top">keep</aspectratio>
				<visible>String.Contains(Window.Property(Image),wikiquote-logo.svg.png)</visible>
			</control>
			<!-- List -->
			<control type="list" id="9902">
			<left></left>
				<top>550</top>
				<width>700</width>
				<height>550</height>
				<onup>noop</onup>
				<ondown>noop</ondown>
				<onleft>Close</onleft>
				<onright>61</onright>
				<movement>1</movement>
				<focusposition>1</focusposition>
				<orientation>vertical</orientation>
				<viewtype label="31112">list</viewtype>
				<scrolltime>4</scrolltime>
				<itemlayout height="80" width="800">
					<control type="label">
						<width>800</width>
						<height>70</height>
						<font>Light35</font>
						<textcolor>80dadada</textcolor>
                <scroll></scroll>
						<label>$INFO[ListItem.Label]</label>
					</control>
				</itemlayout>
				<focusedlayout height="80" width="800">
					<control type="label">
						<width>800</width>
						<height>70</height>
						<font>Light35</font>
						<textcolor>ffffc24b</textcolor>
						<label>$INFO[ListItem.Label]</label>
                <scroll>true</scroll>
						<visible>Control.HasFocus(9902)</visible>
					</control>
					<control type="label">
						<width>800</width>
						<height>70</height>
						<font>Light35</font>
						<textcolor>red</textcolor>
						<label>$INFO[ListItem.Label]</label>
                <scroll>true</scroll>
						<visible>!Control.HasFocus(9902)</visible>
					</control>
				</focusedlayout>
			</control>
		</control>
		<control type="group">
			<left>420</left>
			<top>40</top>
			<animation effect="fade" end="100" start="0" time="200" delay="400">WindowOpen</animation>
			<!-- Heading -->
			<control type="label" id="9901">
				<top>-14</top>
				<width>1000</width>
				<height>96</height>
				<font>Med48</font>
				<scroll>true</scroll>
				<textcolor>lime</textcolor>
				<include>DialogVideoInfoAnimation</include>
			</control>
			<!-- Creative commons attribution label -->
			<control type="textbox" id="9904">
				<top>108</top>
				<width>1000</width>
				<height>148</height>
				<font>Light22</font>
				<aligny>bottom</aligny>
				<autoscroll>false</autoscroll>
				<textcolor>blue</textcolor>
			</control>
			<!-- Text -->
			<control type="textbox" id="9903">
				<top>280</top>
				<width>1100</width>
				<height>700</height>
				<align>left</align>
				<font>Light30Spaced</font>
				<autoscroll>false</autoscroll>
				<textcolor>ffbbbbbb</textcolor>
				<pagecontrol>61</pagecontrol>
				<include>DialogVideoInfoAnimation</include>
			</control>
			<!-- More button -->
			<control type="button">
				<left>1420</left>
				<top>0</top>
				<width>74</width>
				<height>46</height>
				<include>DialogVideoInfoAnimation</include>
				<texturefocus>wikipedia/more_fo.png</texturefocus>
				<texturenofocus>wikipedia/more_nf.png</texturenofocus>
				<visible>!Control.HasFocus(61) + Container(9903).HasNext</visible>
			</control>
			<!-- Scrollbar -->
			<control id="61" type="scrollbar">
				<top>280</top>
				<left>1440</left>
				<width>16</width>
				<height>700</height>
				<onleft>9902</onleft>
				<onback>9902</onback>
				<showonepage>false</showonepage>
				<orientation>vertical</orientation>
				<texturesliderbarfocus border="3">wikipedia/Scrollbar.png</texturesliderbarfocus>
				<visible allowhiddenfocus="true">Control.HasFocus(61)</visible>
				<animation condition="System.IdleTime(1)" effect="fade" end="0" start="100" time="200">Conditional</animation>
			</control>
		</control>
		<!-- Creative Commons Attribution Image -->
		<control type="image" id="9905">
			<include>HiddenControl</include>
		</control>
	</controls>
</window>