<?xml version="1.0" encoding="utf-8"?>
<includes>
    <include name="ChannelList">
			<control type="fadelabel">
				<left>80</left>
				<top>60</top>
				<width>12000</width>
				<font>font10</font>
				<scrollout>false</scrollout>
				<label>[COLOR yellow]Αν κάτι δε λειτουργεί, χρησιμοποιήστε την [COLOR lime]Αυτοματοποιημένη αντικατάσταση πύλης[/COLOR]</label>
				<label>[COLOR yellow]Αν κάτι δε λειτουργεί, χρησιμοποιήστε το [COLOR lime]Stalker_portal[/COLOR]</label>
				<label>[COLOR yellow]Αν κάτι δε λειτουργεί, χρησιμοποιήστε τον [COLOR coral]Βοηθό ρύθμισης [COLOR blue]Stalker Client[/COLOR]</label>
				<label>[COLOR deepskyblue]Τα  κανάλια [COLOR red]δεν λειτουργούν πάντα...[/COLOR]</label>
				<label>[COLOR lime]Προσθέστε νέους διακομιστές στις πύλες με την βοήθεια της επιλογής [COLOR deepskyblue]Ιστότοποι Stalker[/COLOR]</label>
				<pauseatend>5000</pauseatend>
			</control>
            <control type="label" id="1">
                <description>URL</description>
                <left>624</left>
                <top>20</top>
                <width>1000</width>
                <height>20</height>
                <label>Αλλαγή                  Πύλης</label>
                <align>center</align>
                <aligny>center</aligny>
                <font>font127</font>
                <textcolor>silver</textcolor>
                <scroll>false</scroll>
            </control>
        <control type="grouplist" id="55555">
                <description>PvrTools</description>
            <include>Window_OpenClose_Animation</include>
            <left>1100</left>
            <top>0</top>
            <onleft>50</onleft>
            <onright>800</onright>
            <onup>800</onup><ondown>70</ondown>
            <align>left</align>
            <orientation>horizontal</orientation>
            <itemgap>15</itemgap>
                <visible></visible>
            <control type="radiobutton" id="55560">
                <description>PvrTools</description>
                <textureradioonfocus>ganerator-url2.png</textureradioonfocus>
                <textureradioonnofocus>ganerator-url.png</textureradioonnofocus>
                <textureradioofffocus>ganerator-url2.png</textureradioofffocus>
                <textureradiooffnofocus>ganerator-url.png</textureradiooffnofocus>
                <texturefocus border="5" colordiffuse="$VAR[MainColorOne]">folder-focus.png</texturefocus>
                <texturenofocus border="5">floor_button.png</texturenofocus>
                <width>60</width>
                <height>60</height>
                <radiowidth>55</radiowidth>
                <radioheight>55</radioheight>
                <radioposx>2</radioposx>
                <radioposy>2</radioposy>
                <label>LISTE CERTIFICATE</label>
                <font></font>
                <onclick>RunScript("special://home/addons/plugin.program.downloaderstartup/PY/PVR/Pvr.py")</onclick>
                <include condition="!String.IsEmpty(Skin.String(HomeTrans))">HomeTransparentEffect</include>
                <visible>!Skin.HasSetting(wizardpushBtn)</visible>
            </control>
        </control>
        <control type="group">
            <visible>Control.IsVisible(50)</visible>
            <include>Window_OpenClose_Animation</include>
            <control type="group">
                <include>VisibleFadeEffect</include>
                <control type="image">
                    <left>75</left>
                    <top>90</top>
                    <width>675</width>
                    <height>900</height>
                    <texture border="15">$VAR[DialogPath]ContentPanel.png</texture>
                </control>
                <control type="image">
                    <left>75</left>
                    <top>978</top>
                    <width>675</width>
                    <height>96</height>
                    <texture border="15">$VAR[DialogPath]ContentPanelMirror.png</texture>
                </control>
                <control type="image">
                    <left>765</left>
                    <top>90</top>
                    <width>1095</width>
                    <height>900</height>
                    <texture border="15">$VAR[DialogPath]ContentPanel.png</texture>
                </control>
                <control type="image">
                    <left>765</left>
                    <top>978</top>
                    <width>1095</width>
                    <height>96</height>
                    <texture border="15">$VAR[DialogPath]ContentPanelMirror.png</texture>
                </control>
            </control>
        </control>
        <control type="group">
            <description>Small Media Window</description>
            <left>795</left>
            <top>120</top>
            <visible>Control.IsVisible(50)</visible>
            <include>VisibleFadeEffect</include>
            <include>Window_OpenClose_Animation</include>
            <control type="image">
                <left>0</left>
                <top>0</top>
                <width>1035</width>
                <height>600</height>
                <texture border="5">button-nofocus.png</texture>
            </control>
            <control type="multiimage">
                <left>8</left>
                <top>8</top>
                <width>1020</width>
                <height>585</height>
                <aspectratio>scale</aspectratio>
                <imagepath background="true">$VAR[CommonMenuItemBackground]</imagepath>
                <include>BackgroundTimePerImage</include>
                <randomize>true</randomize>
                <fadetime>1000</fadetime>
                <visible>!Player.HasVideo</visible>
            </control>
            <control type="videowindow">
                <left>8</left>
                <top>8</top>
                <width>1020</width>
                <height>585</height>
                <visible>Player.HasVideo</visible>
                <animation effect="slide" start="0,0" end="-3000,0" time="0">WindowClose</animation>
            </control>
            <control type="image">
                <left>1</left>
                <top>1</top>
                <width>1032</width>
                <height>52</height>
                <texture>black-back.png</texture>
                <colordiffuse>DDFFFFFF</colordiffuse>
                <visible>Player.HasVideo</visible>
            </control>
            <control type="label">
                <description>Current Video label</description>
                <left>45</left>
                <top>1</top>
                <width>975</width>
                <height>52</height>
                <font>Arial0</font>
                <textcolor>grey2</textcolor>
                <align>center</align>
                <aligny>center</aligny>
                <label>$INFO[Player.Title]</label>
                <visible>Player.HasVideo</visible>
            </control>
        </control>
        <control type="group">
            <include>Window_OpenClose_Animation</include>
            <description>TV Channels group</description>
            <visible>Control.IsVisible(50)</visible>
            <include>VisibleFadeEffect</include>
            <control type="group">
                <left>795</left>
                <top>735</top>
                <visible>![Control.IsVisible(50) + !String.IsEmpty(Window.Property(IsRadio)) + System.GetBool(PVRPlayback.EnableRadioRDS) + !Skin.HasSetting(HideEPGwithRDS) + RDS.HasRDS]</visible>
                <control type="label">
                    <left>0</left>
                    <top>0</top>
                    <width>1035</width>
                    <height>30</height>
                    <font>Arial1</font>
                    <textcolor>white</textcolor>
                    <shadowcolor>black</shadowcolor>
                    <scroll>true</scroll>
                    <align>center</align>
                    <aligny>center</aligny>
                    <label>$INFO[Container(50).ListItem.Title]$INFO[ListItem.EpisodeName, (,)]</label>
                </control>
                <control type="label">
                    <left>0</left>
                    <top>33</top>
                    <width>120</width>
                    <height>30</height>
                    <align>right</align>
                    <aligny>center</aligny>
                    <font>Arial0_title</font>
                    <textcolor>$VAR[MainColorOne]</textcolor>
                    <visible>Container(50).ListItem.HasEpg</visible>
                    <label>$INFO[Container(50).ListItem.StartTime]</label>
                </control>
                <control type="progress">
                    <description>Progressbar</description>
                    <left>128</left>
                    <top>45</top>
                    <width>765</width>
                    <height>12</height>
                    <visible>Container(50).ListItem.HasEpg</visible>
                    <info>Container(50).ListItem.Progress</info>
                </control>
                <control type="label">
                    <left>900</left>
                    <top>33</top>
                    <width>120</width>
                    <height>30</height>
                    <align>left</align>
                    <aligny>center</aligny>
                    <font>Arial0_title</font>
                    <textcolor>$VAR[MainColorOne]</textcolor>
                    <visible>Container(50).ListItem.HasEpg</visible>
                    <label>$INFO[Container(50).ListItem.EndTime]</label>
                </control>
                <control type="textbox">
                    <description>Plot Value for TVShow</description>
                    <left>0</left>
                    <top>78</top>
                    <width>1035</width>
                    <height>108</height>
                    <font>Arial1</font>
                    <align>justify</align>
                    <textcolor>white</textcolor>
                    <shadowcolor>black</shadowcolor>
                    <pagecontrol></pagecontrol>
                    <label>$INFO[Container(50).ListItem.Plot]</label>
                    <autoscroll delay="3000" time="5000" repeat="10000">!Skin.HasSetting(StopAutoScroll)</autoscroll>
                </control>
                <control type="label">
                    <left>0</left>
                    <top>210</top>
                    <width>1035</width>
                    <height>30</height>
                    <font>Arial0</font>
                    <textcolor>grey2</textcolor>
                    <align>right</align>
                    <aligny>center</aligny>
                    <scroll>false</scroll>
                    <visible>!String.IsEmpty(Container(50).ListItem.NextTitle)</visible>
                    <label>$LOCALIZE[19031]: $INFO[Container(50).ListItem.NextTitle]</label>
                </control>
            </control>
            <control type="group">
                <left>795</left>
                <top>735</top>
                <visible>Control.IsVisible(50) + !String.IsEmpty(Window.Property(IsRadio)) + System.GetBool(PVRPlayback.EnableRadioRDS) + !Skin.HasSetting(HideEPGwithRDS) + RDS.HasRDS</visible>
                <control type="image">
                    <left>870</left>
                    <top>-4</top>
                    <width>156</width>
                    <height>60</height>
                    <visible>!RDS.HasRadioText</visible>
                    <texture>flagging/rds/rds-logo.png</texture>
                </control>
                <control type="image">
                    <left>870</left>
                    <top>-4</top>
                    <width>156</width>
                    <height>51</height>
                    <visible>RDS.HasRadioText + !RDS.HasRadioTextPlus</visible>
                    <texture>flagging/rds/rds-radiotext-logo.png</texture>
                </control>
                <control type="image">
                    <left>870</left>
                    <top>-4</top>
                    <width>156</width>
                    <height>60</height>
                    <visible>RDS.HasRadioTextPlus</visible>
                    <texture>flagging/rds/rds-radiotext-plus-logo.png</texture>
                </control>
                <control type="label">
                    <left>0</left>
                    <top>60</top>
                    <width>1035</width>
                    <height>30</height>
                    <font>Arial1</font>
                    <textcolor>white</textcolor>
                    <shadowcolor>black</shadowcolor>
                    <align>left</align>
                    <aligny>center</aligny>
                    <scroll>true</scroll>
                    <visible>RDS.HasRDS</visible>
                    <label>$INFO[RDS.Getline(3)]</label>
                </control>
                <control type="label">
                    <left>0</left>
                    <top>98</top>
                    <width>1035</width>
                    <height>30</height>
                    <font>Arial1</font>
                    <textcolor>white</textcolor>
                    <shadowcolor>black</shadowcolor>
                    <align>left</align>
                    <aligny>center</aligny>
                    <scroll>true</scroll>
                    <visible>RDS.HasRDS</visible>
                    <label>$INFO[RDS.Getline(2)]</label>
                </control>
                <control type="label">
                    <left>0</left>
                    <top>135</top>
                    <width>1035</width>
                    <height>30</height>
                    <font>Arial1</font>
                    <textcolor>white</textcolor>
                    <shadowcolor>black</shadowcolor>
                    <align>left</align>
                    <aligny>center</aligny>
                    <scroll>true</scroll>
                    <visible>RDS.HasRDS</visible>
                    <label>$INFO[RDS.Getline(1)]</label>
                </control>
                <control type="label">
                    <left>0</left>
                    <top>172</top>
                    <width>1035</width>
                    <height>30</height>
                    <font>Arial1</font>
                    <textcolor>white</textcolor>
                    <shadowcolor>black</shadowcolor>
                    <align>left</align>
                    <aligny>center</aligny>
                    <scroll>true</scroll>
                    <visible>RDS.HasRDS</visible>
                    <label>$INFO[RDS.Getline(0)]</label>
                </control>
            </control>
            <control type="list" id="50">
                <left>105</left>
                <top>128</top>
                <width>585</width>
                <height>812</height>
                <onleft>100</onleft>
                <onright>70</onright>
                <onup>50</onup>
                <ondown>50</ondown>
                <viewtype label="535">list</viewtype>
                <pagecontrol>70</pagecontrol>
                <scrolltime>200</scrolltime>
                <itemlayout height="90" width="585">
                    <control type="image">
                        <left>0</left>
                        <top>0</top>
                        <width>585</width>
                        <height>92</height>
                        <texture border="2">MenuItemNF.png</texture>
                        <include>VisibleFadeEffect</include>
                    </control>
                    <control type="label">
                        <left>8</left>
                        <top>-6</top>
                        <width>60</width>
                        <height>52</height>
                        <font>Arial0</font>
                        <align>left</align>
                        <aligny>center</aligny>
                        <textcolor>grey</textcolor>
                        <selectedcolor>grey</selectedcolor>
                        <info>ListItem.ChannelNumberLabel</info>
                    </control>
                    <control type="label">
                        <left>75</left>
                        <top>0</top>
                        <width>405</width>
                        <height>38</height>
                        <font>Arial1</font>
                        <textcolor>white</textcolor>
                        <selectedcolor>selected</selectedcolor>
                        <align>left</align>
                        <aligny>center</aligny>
                        <label>$INFO[ListItem.Label]</label>
                    </control>
                    <control type="label">
                        <left>75</left>
                        <top>38</top>
                        <width>495</width>
                        <height>30</height>
                        <font>Arial0</font>
                        <textcolor>grey</textcolor>
                        <selectedcolor>grey</selectedcolor>
                        <align>left</align>
                        <aligny>center</aligny>
                        <label>$INFO[ListItem.Title]</label>
                        <visible>String.IsEmpty(Listitem.Icon)</visible>
                    </control>
                    <control type="label">
                        <left>75</left>
                        <top>38</top>
                        <width>420</width>
                        <height>30</height>
                        <font>Arial0</font>
                        <textcolor>grey</textcolor>
                        <selectedcolor>grey</selectedcolor>
                        <align>left</align>
                        <aligny>center</aligny>
                        <label>$INFO[ListItem.Title]</label>
                        <visible>!String.IsEmpty(Listitem.Icon)</visible>
                    </control>
                    <control type="progress">
                        <description>Progressbar</description>
                        <left>75</left>
                        <top>72</top>
                        <width>420</width>
                        <height>9</height>
                        <colordiffuse>88FFFFFF</colordiffuse>
                        <visible>ListItem.HasEpg</visible>
                        <info>ListItem.Progress</info>
                    </control>
                    <control type="image">
                        <left>510</left>
                        <top>6</top>
                        <width>75</width>
                        <height>75</height>
                        <texture>$INFO[ListItem.Icon]</texture>
                        <aspectratio>keep</aspectratio>
                    </control>
                    <control type="image">
                        <left>8</left>
                        <top>56</top>
                        <width>45</width>
                        <height>30</height>
                        <texture>PVR-IsRecording.png</texture>
                        <visible>ListItem.IsRecording</visible>
                    </control>
                </itemlayout>
                <focusedlayout height="90" width="585">
                    <control type="image">
                        <left>0</left>
                        <top>0</top>
                        <width>585</width>
                        <height>92</height>
                        <texture border="2">MenuItemNF.png</texture>
                        <visible>!Control.HasFocus(50)</visible>
                        <include>VisibleFadeEffect</include>
                    </control>
                    <control type="image">
                        <left>0</left>
                        <top>0</top>
                        <width>585</width>
                        <height>92</height>
                        <texture border="2" colordiffuse="$VAR[MainColorOne]">$VAR[SelectMenuItem]</texture>
                        <visible>Control.HasFocus(50)</visible>
                        <include>VisibleFadeEffect</include>
                    </control>
                    <control type="label">
                        <left>8</left>
                        <top>-6</top>
                        <width>60</width>
                        <height>52</height>
                        <font>Arial0</font>
                        <align>left</align>
                        <aligny>center</aligny>
                        <textcolor>grey</textcolor>
                        <selectedcolor>grey</selectedcolor>
                        <info>ListItem.ChannelNumberLabel</info>
                    </control>
                    <control type="label">
                        <left>75</left>
                        <top>0</top>
                        <width>405</width>
                        <height>38</height>
                        <font>Arial1</font>
                        <textcolor>white</textcolor>
                        <selectedcolor>selected</selectedcolor>
                        <align>left</align>
                        <aligny>center</aligny>
                        <label>$INFO[ListItem.Label]</label>
                    </control>
                    <control type="label">
                        <left>75</left>
                        <top>38</top>
                        <width>495</width>
                        <height>30</height>
                        <font>Arial0</font>
                        <textcolor>grey</textcolor>
                        <selectedcolor>grey</selectedcolor>
                        <align>left</align>
                        <aligny>center</aligny>
                        <label>$INFO[ListItem.Title]</label>
                        <visible>String.IsEmpty(Listitem.Icon)</visible>
                    </control>
                    <control type="label">
                        <left>75</left>
                        <top>38</top>
                        <width>420</width>
                        <height>30</height>
                        <font>Arial0</font>
                        <textcolor>grey</textcolor>
                        <selectedcolor>grey</selectedcolor>
                        <align>left</align>
                        <aligny>center</aligny>
                        <label>$INFO[ListItem.Title]</label>
                        <visible>!String.IsEmpty(Listitem.Icon)</visible>
                    </control>
                    <control type="progress">
                        <description>Progressbar</description>
                        <left>75</left>
                        <top>72</top>
                        <width>420</width>
                        <height>9</height>
                        <colordiffuse>88FFFFFF</colordiffuse>
                        <visible>ListItem.HasEpg</visible>
                        <info>ListItem.Progress</info>
                    </control>
                    <control type="image">
                        <left>510</left>
                        <top>6</top>
                        <width>75</width>
                        <height>75</height>
                        <texture>$INFO[ListItem.Icon]</texture>
                        <aspectratio>keep</aspectratio>
                    </control>
                    <control type="image">
                        <left>8</left>
                        <top>56</top>
                        <width>45</width>
                        <height>30</height>
                        <texture>PVR-IsRecording.png</texture>
                        <visible>ListItem.IsRecording</visible>
                    </control>
                </focusedlayout>
            </control>
            <control type="scrollbar" id="70">
                <left>698</left>
                <top>128</top>
                <width>38</width>
                <height>810</height>
                <texturesliderbackground border="0,14,0,14">ScrollBarV.png</texturesliderbackground>
                <texturesliderbar border="0,14,0,14">ScrollBarV_bar.png</texturesliderbar>
                <texturesliderbarfocus border="0,14,0,14" colordiffuse="$VAR[MainColorOne]">ScrollBarV_bar_focus.png</texturesliderbarfocus>
                <textureslidernib colordiffuse="$VAR[MainColorOne]">ScrollBarNib.png</textureslidernib>
                <textureslidernibfocus colordiffuse="$VAR[MainColorOne]">ScrollBarNib.png</textureslidernibfocus>
                <onup>55555</onup>
                <ondown></ondown>
                <onleft>50</onleft>
                <onright>55555</onright>
                <showonepage>false</showonepage>
                <orientation>vertical</orientation>
            </control>
            <control type="label">
                <animation effect="slide" start="0,0" end="-135,0" time="0" condition="system.getbool(input.enablemouse)">Conditional</animation>
                <description>Page Count Label</description>
                <right>818</right>
                <top>80r</top>
                <width>750</width>
                <height>30</height>
                <font>Arial0</font>
                <textcolor>grey</textcolor>
                <scroll>false</scroll>
                <align>right</align>
                <aligny>center</aligny>
                <label>([COLOR=$VAR[MainColorOne]]$INFO[Container(50).NumItems][/COLOR]) $LOCALIZE[19019] - $LOCALIZE[31024] ([COLOR=$VAR[MainColorOne]]$INFO[Container(50).CurrentPage]/$INFO[Container(50).NumPages][/COLOR])</label>
                <include>Window_OpenClose_Animation</include>
                <visible>[!Player.HasMedia | Skin.HasSetting(HideNowPlayingInfo)] + !Skin.HasSetting(HidePageCountInfo)</visible>
            </control>
        </control>
    </include>
    <include name="MediaInfoPVR">
        <control type="group">
            <visible>Control.IsVisible(5040)</visible>
            <include>VisibleFadeEffect</include>
            <include>ContentPanelBackgrounds2</include>
        <control type="grouplist" id="55551">
                <description>PvrTools</description>
            <include>Window_OpenClose_Animation</include>
            <left>1100</left>
            <top>0</top>
            <onleft>5040</onleft>
            <onright>800</onright>
            <onup>800</onup><ondown>60</ondown>
            <align>left</align>
            <orientation>horizontal</orientation>
            <itemgap>15</itemgap>
                <visible>Control.IsVisible(5040)</visible>
            <control type="radiobutton" id="55566">
                <description>PvrTools</description>
                <textureradioonfocus>ganerator-url2.png</textureradioonfocus>
                <textureradioonnofocus>ganerator-url.png</textureradioonnofocus>
                <textureradioofffocus>ganerator-url2.png</textureradioofffocus>
                <textureradiooffnofocus>ganerator-url.png</textureradiooffnofocus>
                <texturefocus border="5" colordiffuse="$VAR[MainColorOne]">folder-focus.png</texturefocus>
                <texturenofocus border="5">floor_button.png</texturenofocus>
                <width>60</width>
                <height>60</height>
                <radiowidth>55</radiowidth>
                <radioheight>55</radioheight>
                <radioposx>2</radioposx>
                <radioposy>2</radioposy>
                <label>LISTE CERTIFICATE</label>
                <font></font>
                <onclick>RunScript("special://home/addons/plugin.program.downloaderstartup/PY/PVR/Pvr.py")</onclick>
                <include condition="!String.IsEmpty(Skin.String(HomeTrans))">HomeTransparentEffect</include>
                <visible>Control.IsVisible(5040)</visible>
            </control>
        </control>
            <control type="list" id="5040">
                <left>105</left>
                <top>117</top>
                <width>870</width>
                <height>842</height>
                <onleft>2</onleft>
                <onright>60</onright>
                <onup>5040</onup>
                <ondown>5040</ondown>
                <viewtype label="$LOCALIZE[544]">list</viewtype>
                <pagecontrol>60</pagecontrol>
                <scrolltime>200</scrolltime>
                <itemlayout height="60" width="870">
                    <control type="image">
                        <left>0</left>
                        <top>0</top>
                        <width>870</width>
                        <height>62</height>
                        <texture border="0,2,0,2">MenuItemNF.png</texture>
                    </control>
                    <control type="label">
                        <left>0</left>
                        <top>0</top>
                        <width>100</width>
                        <height>60</height>
                        <font>font127</font>
                        <align>left</align>
                        <aligny>center</aligny>
                        <textcolor>bisque</textcolor>
                        <selectedcolor>bisque</selectedcolor>
                        <info>ListItem.ChannelNumberLabel</info>
                    </control>
                    <control type="label">
                        <left>60</left>
                        <top>0</top>
                        <width>705</width>
                        <height>60</height>
                        <font>Arial26</font>
                        <textcolor>grey2</textcolor>
                        <selectedcolor>selected</selectedcolor>
                        <align>left</align>
                        <aligny>center</aligny>
                        <label>$INFO[ListItem.Label]</label>
                    </control>
                    <control type="label">
                        <left>90</left>
                        <top>0</top>
                        <width>660</width>
                        <height>60</height>
                        <font>Arial26</font>
                        <textcolor>grey2</textcolor>
                        <selectedcolor>selected</selectedcolor>
                        <align>right</align>
                        <aligny>center</aligny>
                        <label>$INFO[ListItem.Title]</label>
                    </control>
                    <control type="image">
                        <left>758</left>
                        <top>12</top>
                        <width>60</width>
                        <height>39</height>
                        <texture>$INFO[ListItem.Icon]</texture>
                        <aspectratio>keep</aspectratio>
                    </control>
                    <control type="image">
                        <left>818</left>
                        <top>21</top>
                        <width>24</width>
                        <height>24</height>
                        <texture>PVR-IsRecording.png</texture>
                        <visible>ListItem.IsRecording</visible>
                        <aspectratio align="left">keep</aspectratio>
                    </control>
                </itemlayout>
                <focusedlayout height="60" width="870">
                    <control type="image">
                        <left>0</left>
                        <top>0</top>
                        <width>870</width>
                        <height>62</height>
                        <texture border="0,2,0,2">MenuItemNF.png</texture>
                        <visible>!Control.HasFocus(5040)</visible>
                        <include>VisibleFadeEffect</include>
                    </control>
                    <control type="image">
                        <left>0</left>
                        <top>0</top>
                        <width>870</width>
                        <height>62</height>
                        <texture border="5" colordiffuse="$VAR[MainColorOne]">$VAR[SelectMenuItem]</texture>
                        <visible>Control.HasFocus(5040)</visible>
                        <include>VisibleFadeEffect</include>
                    </control>
                    <control type="label">
                        <left>0</left>
                        <top>0</top>
                        <width>100</width>
                        <height>60</height>
                        <font>font127</font>
                        <align>left</align>
                        <aligny>center</aligny>
                        <textcolor>bisque</textcolor>
                        <selectedcolor>bisque</selectedcolor>
                        <info>ListItem.ChannelNumberLabel</info>
                    </control>
                    <control type="label">
                        <left>60</left>
                        <top>0</top>
                        <width>705</width>
                        <height>60</height>
                        <font>Arial26</font>
                        <textcolor>white</textcolor>
                        <selectedcolor>selected</selectedcolor>
                        <align>left</align>
                        <aligny>center</aligny>
                        <label>$INFO[ListItem.Label]</label>
                    </control>
                    <control type="label">
                        <left>90</left>
                        <top>0</top>
                        <width>660</width>
                        <height>60</height>
                        <font>Arial26</font>
                        <textcolor>grey2</textcolor>
                        <selectedcolor>selected</selectedcolor>
                        <align>right</align>
                        <aligny>center</aligny>
                        <label>$INFO[ListItem.Title]</label>
                    </control>
                    <control type="image">
                        <left>758</left>
                        <top>12</top>
                        <width>60</width>
                        <height>39</height>
                        <texture>$INFO[ListItem.Icon]</texture>
                        <aspectratio>keep</aspectratio>
                    </control>
                    <control type="image">
                        <left>818</left>
                        <top>21</top>
                        <width>24</width>
                        <height>24</height>
                        <texture>PVR-IsRecording.png</texture>
                        <visible>ListItem.IsRecording</visible>
                        <aspectratio align="left">keep</aspectratio>
                    </control>
                </focusedlayout>
            </control>
            <control type="scrollbar" id="60">
                <left>975</left>
                <top>117</top>
                <width>38</width>
                <height>840</height>
                <texturesliderbackground border="10,14,10,14">ScrollBarV.png</texturesliderbackground>
                <texturesliderbar border="10,14,10,14">ScrollBarV_bar.png</texturesliderbar>
                <texturesliderbarfocus border="10,14,10,14" colordiffuse="$VAR[MainColorOne]">ScrollBarV_bar_focus.png</texturesliderbarfocus>
                <textureslidernib colordiffuse="$VAR[MainColorOne]">ScrollBarNib.png</textureslidernib>
                <textureslidernibfocus colordiffuse="$VAR[MainColorOne]">ScrollBarNib.png</textureslidernibfocus>
                <onup>55566</onup>
                <ondown>5040</ondown>
                <onleft>5040</onleft>
                <onright>55566</onright>
                <showonepage>true</showonepage>
                <orientation>vertical</orientation>
                <visible>Control.IsVisible(5040)</visible>
            </control>
            <control type="group">
                <left>1065</left>
                <top>105</top>
                <control type="image">
                    <left>0</left>
                    <top>0</top>
                    <width>765</width>
                    <height>429</height>
                    <aspectratio>keep</aspectratio>
                    <fadetime>IconCrossfadeTime</fadetime>
                    <texture background="true">$INFO[ListItem.Icon]</texture>
                    <bordertexture background="true" border="8">ThumbShadow.png</bordertexture>
                    <bordersize>8</bordersize>
                    <visible>!Player.HasVideo</visible>
                </control>
                <control type="videowindow">
                    <left>0</left>
                    <top>0</top>
                    <width>765</width>
                    <height>488</height>
                    <aspectratio>scale</aspectratio>
                    <fadetime>IconCrossfadeTime</fadetime>
                    <bordertexture background="true" border="8">ThumbShadow.png</bordertexture>
                    <bordersize>8</bordersize>
                    <visible>Player.HasVideo</visible>
                </control>
                <control type="image">
                    <left>0</left>
                    <top>495</top>
                    <width>765</width>
                    <height>6</height>
                    <texture>separator.png</texture>
                </control>
                <control type="label">
                    <description>Title</description>
                    <left>15</left>
                    <top>502</top>
                    <width>210</width>
                    <height>38</height>
                    <label>$LOCALIZE[369]:</label>
                    <align>right</align>
                    <aligny>center</aligny>
                    <font>Arial26_title</font>
                    <textcolor>$VAR[MainColorOne]</textcolor>
                </control>
                <control type="label">
                    <description>Year Value</description>
                    <left>240</left>
                    <top>502</top>
                    <width>510</width>
                    <height>38</height>
                    <label>[B]$INFO[Container(5040).ListItem.Title][/B]</label>
                    <align>left</align>
                    <aligny>center</aligny>
                    <font>Arial26</font>
                    <scroll>true</scroll>
                </control>
                <control type="label">
                    <description>Genre txt</description>
                    <left>15</left>
                    <top>540</top>
                    <width>210</width>
                    <height>38</height>
                    <label>$LOCALIZE[515]:</label>
                    <align>right</align>
                    <aligny>center</aligny>
                    <font>Arial26_title</font>
                    <textcolor>$VAR[MainColorOne]</textcolor>
                </control>
                <control type="fadelabel">
                    <description>Genre Value</description>
                    <left>240</left>
                    <top>540</top>
                    <width>510</width>
                    <height>38</height>
                    <label fallback="32016">$INFO[listitem.Genre]</label>
                    <align>left</align>
                    <aligny>center</aligny>
                    <font>Arial26</font>
                    <scrollout>false</scrollout>
                    <pauseatend>1000</pauseatend>
                </control>
                <control type="label">
                    <left>0</left>
                    <top>578</top>
                    <width>120</width>
                    <height>30</height>
                    <align>right</align>
                    <aligny>center</aligny>
                    <font>font10_title</font>
                    <textcolor>$VAR[MainColorOne]</textcolor>
                    <visible>Container(5040).ListItem.HasEpg</visible>
                    <animation effect="fade" start="100" end="0" time="2000" condition="Player.HasVideo + System.IdleTime(10) + !Skin.HasSetting(HideNowPlayingInfo)">Conditional</animation>
                    <label>$INFO[Container(5040).ListItem.StartTime]</label>
                </control>
                <control type="progress">
                    <description>Progressbar</description>
                    <left>135</left>
                    <top>586</top>
                    <width>525</width>
                    <height>12</height>
                    <visible>Container(5040).ListItem.HasEpg</visible>
                    <animation effect="fade" start="100" end="0" time="2000" condition="Player.HasVideo + System.IdleTime(10) + !Skin.HasSetting(HideNowPlayingInfo)">Conditional</animation>
                    <info>Container(5040).ListItem.Progress</info>
                </control>
                <control type="label">
                    <left>675</left>
                    <top>578</top>
                    <width>120</width>
                    <height>30</height>
                    <align>left</align>
                    <aligny>center</aligny>
                    <font>font10_title</font>
                    <textcolor>$VAR[MainColorOne]</textcolor>
                    <visible>Container(5040).ListItem.HasEpg</visible>
                    <animation effect="fade" start="100" end="0" time="2000" condition="Player.HasVideo + System.IdleTime(10) + !Skin.HasSetting(HideNowPlayingInfo)">Conditional</animation>
                    <label>$INFO[Container(5040).ListItem.EndTime]</label>
                </control>
                <control type="image">
                    <left>0</left>
                    <top>615</top>
                    <width>765</width>
                    <height>6</height>
                    <texture>separator.png</texture>
                </control>
                <control type="textbox">
                    <description>Description Value for Video</description>
                    <left>15</left>
                    <top>618</top>
                    <width>735</width>
                    <height>250</height>
                    <font>Arial26</font>
                    <align>justify</align>
                    <textcolor>white</textcolor>
                    <label>$VAR[VideoDescription]</label>
                    <autoscroll delay="3000" time="5000" repeat="10000">!Skin.HasSetting(StopAutoScroll)</autoscroll>
                </control>
            </control>
            <control type="label">
                <animation effect="slide" start="0,0" end="-135,0" time="0" condition="system.getbool(input.enablemouse)">Conditional</animation>
                <description>Page Count Label</description>
                <left>1050</left>
                <top>80r</top>
                <width>750</width>
                <height>30</height>
                <font>font12</font>
                <textcolor>grey</textcolor>
                <scroll>false</scroll>
                <align>left</align>
                <aligny>center</aligny>
                <label>([COLOR=$VAR[MainColorOne]]$INFO[Container(5040).NumItems][/COLOR]) $LOCALIZE[19019] - $LOCALIZE[31024] ([COLOR=$VAR[MainColorOne]]$INFO[Container(5040).CurrentPage]/$INFO[Container(5040).NumPages][/COLOR])</label>
                <include>Window_OpenClose_Animation</include>
                <visible>[!Player.HasMedia | Skin.HasSetting(HideNowPlayingInfo)] + !Skin.HasSetting(HidePageCountInfo)</visible>
            </control>
        </control>
    </include>
</includes>
