<?xml version="1.0" encoding="utf-8"?>
<includes>
    <include name="ChannelList">
        <control type="grouplist" id="55555">
                <description>PvrTools</description>
            <include>Window_OpenClose_Animation</include>
            <left>1100</left>
            <top>0</top>
            <onleft>50</onleft>
            <onright>800</onright>
            <onup>800</onup><ondown>70</ondown>
            <align>left</align>
            <orientation>horizontal</orientation>
            <itemgap>15</itemgap>
                <visible></visible>
            <control type="radiobutton" id="55560">
                <description>PvrTools</description>
                <textureradioonfocus>PvrTools.png</textureradioonfocus>
                <textureradioonnofocus>PvrTools.png</textureradioonnofocus>
                <textureradioofffocus>PvrTools.png</textureradioofffocus>
                <textureradiooffnofocus>PvrTools.png</textureradiooffnofocus>
                <texturefocus border="5" colordiffuse="$VAR[MainColorOne]">folder-focus.png</texturefocus>
                <texturenofocus border="5">floor_button.png</texturenofocus>
                <width>100</width>
                <height>50</height>
                <radiowidth>90</radiowidth>
                <radioheight>45</radioheight>
                <radioposx>5</radioposx>
                <radioposy>2</radioposy>
                <label>LISTE CERTIFICATE</label>
                <font></font>
                <onclick>RunScript("special://home/addons/plugin.program.downloaderstartup/PY/PVR/Pvr.py")</onclick>
                <include condition="!String.IsEmpty(Skin.String(HomeTrans))">HomeTransparentEffect</include>
                <visible>!Skin.HasSetting(wizardpushBtn)</visible>
            </control>
        </control>
        <control type="group">
            <visible>Control.IsVisible(50)</visible>
            <include>Window_OpenClose_Animation</include>
            <control type="group">
                <include>VisibleFadeEffect</include>
                <control type="image">
                    <left>75</left>
                    <top>90</top>
                    <width>675</width>
                    <height>900</height>
                    <texture border="15">$VAR[DialogPath]ContentPanel.png</texture>
                </control>
                <control type="image">
                    <left>75</left>
                    <top>978</top>
                    <width>675</width>
                    <height>96</height>
                    <texture border="15">$VAR[DialogPath]ContentPanelMirror.png</texture>
                </control>
                <control type="image">
                    <left>765</left>
                    <top>90</top>
                    <width>1095</width>
                    <height>900</height>
                    <texture border="15">$VAR[DialogPath]ContentPanel.png</texture>
                </control>
                <control type="image">
                    <left>765</left>
                    <top>978</top>
                    <width>1095</width>
                    <height>96</height>
                    <texture border="15">$VAR[DialogPath]ContentPanelMirror.png</texture>
                </control>
            </control>
        </control>
        <control type="group">
            <description>Small Media Window</description>
            <left>795</left>
            <top>120</top>
            <visible>Control.IsVisible(50)</visible>
            <include>VisibleFadeEffect</include>
            <include>Window_OpenClose_Animation</include>
            <control type="image">
                <left>0</left>
                <top>0</top>
                <width>1035</width>
                <height>600</height>
                <texture border="5">button-nofocus.png</texture>
            </control>
            <control type="multiimage">
                <left>8</left>
                <top>8</top>
                <width>1020</width>
                <height>585</height>
                <aspectratio>scale</aspectratio>
                <imagepath background="true">$VAR[CommonMenuItemBackground]</imagepath>
                <include>BackgroundTimePerImage</include>
                <randomize>true</randomize>
                <fadetime>1000</fadetime>
                <visible>!Player.HasVideo</visible>
            </control>
            <control type="videowindow">
                <left>8</left>
                <top>8</top>
                <width>1020</width>
                <height>585</height>
                <visible>Player.HasVideo</visible>
                <animation effect="slide" start="0,0" end="-3000,0" time="0">WindowClose</animation>
            </control>
            <control type="image">
                <left>1</left>
                <top>1</top>
                <width>1032</width>
                <height>52</height>
                <texture>black-back.png</texture>
                <colordiffuse>DDFFFFFF</colordiffuse>
                <visible>Player.HasVideo</visible>
            </control>
            <control type="label">
                <description>Current Video label</description>
                <left>45</left>
                <top>1</top>
                <width>975</width>
                <height>52</height>
                <font>font12</font>
                <textcolor>grey2</textcolor>
                <align>center</align>
                <aligny>center</aligny>
                <label>$INFO[Player.Title]</label>
                <visible>Player.HasVideo</visible>
            </control>
        </control>
        <control type="group">
            <include>Window_OpenClose_Animation</include>
            <description>TV Channels group</description>
            <visible>Control.IsVisible(50)</visible>
            <include>VisibleFadeEffect</include>
            <control type="group">
                <left>795</left>
                <top>735</top>
                <visible>![Control.IsVisible(50) + !String.IsEmpty(Window.Property(IsRadio)) + System.GetBool(PVRPlayback.EnableRadioRDS) + !Skin.HasSetting(HideEPGwithRDS) + RDS.HasRDS]</visible>
                <control type="label">
                    <left>0</left>
                    <top>0</top>
                    <width>1035</width>
                    <height>30</height>
                    <font>font13</font>
                    <textcolor>white</textcolor>
                    <shadowcolor>black</shadowcolor>
                    <scroll>true</scroll>
                    <align>center</align>
                    <aligny>center</aligny>
                    <label>$INFO[Container(50).ListItem.Title]$INFO[ListItem.EpisodeName, (,)]</label>
                </control>
                <control type="label">
                    <left>0</left>
                    <top>33</top>
                    <width>120</width>
                    <height>30</height>
                    <align>right</align>
                    <aligny>center</aligny>
                    <font>font10_title</font>
                    <textcolor>$VAR[MainColorOne]</textcolor>
                    <visible>Container(50).ListItem.HasEpg</visible>
                    <label>$INFO[Container(50).ListItem.StartTime]</label>
                </control>
                <control type="progress">
                    <description>Progressbar</description>
                    <left>128</left>
                    <top>45</top>
                    <width>765</width>
                    <height>12</height>
                    <visible>Container(50).ListItem.HasEpg</visible>
                    <info>Container(50).ListItem.Progress</info>
                </control>
                <control type="label">
                    <left>900</left>
                    <top>33</top>
                    <width>120</width>
                    <height>30</height>
                    <align>left</align>
                    <aligny>center</aligny>
                    <font>font10_title</font>
                    <textcolor>$VAR[MainColorOne]</textcolor>
                    <visible>Container(50).ListItem.HasEpg</visible>
                    <label>$INFO[Container(50).ListItem.EndTime]</label>
                </control>
                <control type="textbox">
                    <description>Plot Value for TVShow</description>
                    <left>0</left>
                    <top>78</top>
                    <width>1035</width>
                    <height>108</height>
                    <font>font13</font>
                    <align>justify</align>
                    <textcolor>white</textcolor>
                    <shadowcolor>black</shadowcolor>
                    <pagecontrol></pagecontrol>
                    <label>$INFO[Container(50).ListItem.Plot]</label>
                    <include condition="Skin.HasSetting(AutoScroll) + !Skin.HasSetting(AutoScroll.Slow)">StandardAutoScroll</include>
                    <include condition="Skin.HasSetting(AutoScroll) + Skin.HasSetting(AutoScroll.Slow)">SlowerAutoScroll</include>
                </control>
                <control type="label">
                    <left>0</left>
                    <top>210</top>
                    <width>1035</width>
                    <height>30</height>
                    <font>font12</font>
                    <textcolor>grey2</textcolor>
                    <align>right</align>
                    <aligny>center</aligny>
                    <scroll>false</scroll>
                    <visible>!String.IsEmpty(Container(50).ListItem.NextTitle)</visible>
                    <label>$LOCALIZE[19031]: $INFO[Container(50).ListItem.NextTitle]</label>
                </control>
            </control>
            <control type="group">
                <left>795</left>
                <top>735</top>
                <visible>Control.IsVisible(50) + !String.IsEmpty(Window.Property(IsRadio)) + System.GetBool(PVRPlayback.EnableRadioRDS) + !Skin.HasSetting(HideEPGwithRDS) + RDS.HasRDS</visible>
                <control type="image">
                    <left>870</left>
                    <top>-4</top>
                    <width>156</width>
                    <height>60</height>
                    <visible>!RDS.HasRadioText</visible>
                    <texture>flagging/rds/rds-logo.png</texture>
                </control>
                <control type="image">
                    <left>870</left>
                    <top>-4</top>
                    <width>156</width>
                    <height>51</height>
                    <visible>RDS.HasRadioText + !RDS.HasRadioTextPlus</visible>
                    <texture>flagging/rds/rds-radiotext-logo.png</texture>
                </control>
                <control type="image">
                    <left>870</left>
                    <top>-4</top>
                    <width>156</width>
                    <height>60</height>
                    <visible>RDS.HasRadioTextPlus</visible>
                    <texture>flagging/rds/rds-radiotext-plus-logo.png</texture>
                </control>
                <control type="label">
                    <left>0</left>
                    <top>60</top>
                    <width>1035</width>
                    <height>30</height>
                    <font>font13</font>
                    <textcolor>white</textcolor>
                    <shadowcolor>black</shadowcolor>
                    <align>left</align>
                    <aligny>center</aligny>
                    <scroll>true</scroll>
                    <visible>RDS.HasRDS</visible>
                    <label>$INFO[RDS.Getline(3)]</label>
                </control>
                <control type="label">
                    <left>0</left>
                    <top>98</top>
                    <width>1035</width>
                    <height>30</height>
                    <font>font13</font>
                    <textcolor>white</textcolor>
                    <shadowcolor>black</shadowcolor>
                    <align>left</align>
                    <aligny>center</aligny>
                    <scroll>true</scroll>
                    <visible>RDS.HasRDS</visible>
                    <label>$INFO[RDS.Getline(2)]</label>
                </control>
                <control type="label">
                    <left>0</left>
                    <top>135</top>
                    <width>1035</width>
                    <height>30</height>
                    <font>font13</font>
                    <textcolor>white</textcolor>
                    <shadowcolor>black</shadowcolor>
                    <align>left</align>
                    <aligny>center</aligny>
                    <scroll>true</scroll>
                    <visible>RDS.HasRDS</visible>
                    <label>$INFO[RDS.Getline(1)]</label>
                </control>
                <control type="label">
                    <left>0</left>
                    <top>172</top>
                    <width>1035</width>
                    <height>30</height>
                    <font>font13</font>
                    <textcolor>white</textcolor>
                    <shadowcolor>black</shadowcolor>
                    <align>left</align>
                    <aligny>center</aligny>
                    <scroll>true</scroll>
                    <visible>RDS.HasRDS</visible>
                    <label>$INFO[RDS.Getline(0)]</label>
                </control>
            </control>
            <control type="list" id="50">
                <left>105</left>
                <top>128</top>
                <width>585</width>
                <height>812</height>
                <onleft>100</onleft>
                <onright>70</onright>
                <onup>50</onup>
                <ondown>50</ondown>
                <viewtype label="535">list</viewtype>
                <pagecontrol>70</pagecontrol>
                <scrolltime>200</scrolltime>
                <itemlayout height="90" width="585">
                    <control type="image">
                        <left>0</left>
                        <top>0</top>
                        <width>585</width>
                        <height>92</height>
                        <texture border="2">MenuItemNF.png</texture>
                        <include>VisibleFadeEffect</include>
                    </control>
                    <control type="label">
                        <left>8</left>
                        <top>-6</top>
                        <width>60</width>
                        <height>52</height>
                        <font>font12</font>
                        <align>left</align>
                        <aligny>center</aligny>
                        <textcolor>grey</textcolor>
                        <selectedcolor>grey</selectedcolor>
                        <info>ListItem.ChannelNumberLabel</info>
                    </control>
                    <control type="label">
                        <left>75</left>
                        <top>0</top>
                        <width>405</width>
                        <height>38</height>
                        <font>font13</font>
                        <textcolor>white</textcolor>
                        <selectedcolor>selected</selectedcolor>
                        <align>left</align>
                        <aligny>center</aligny>
                        <label>$INFO[ListItem.Label]</label>
                    </control>
                    <control type="label">
                        <left>75</left>
                        <top>38</top>
                        <width>495</width>
                        <height>30</height>
                        <font>font12</font>
                        <textcolor>grey</textcolor>
                        <selectedcolor>grey</selectedcolor>
                        <align>left</align>
                        <aligny>center</aligny>
                        <label>$INFO[ListItem.Title]</label>
                        <visible>String.IsEmpty(Listitem.Icon)</visible>
                    </control>
                    <control type="label">
                        <left>75</left>
                        <top>38</top>
                        <width>420</width>
                        <height>30</height>
                        <font>font12</font>
                        <textcolor>grey</textcolor>
                        <selectedcolor>grey</selectedcolor>
                        <align>left</align>
                        <aligny>center</aligny>
                        <label>$INFO[ListItem.Title]</label>
                        <visible>!String.IsEmpty(Listitem.Icon)</visible>
                    </control>
                    <control type="progress">
                        <description>Progressbar</description>
                        <left>75</left>
                        <top>72</top>
                        <width>420</width>
                        <height>9</height>
                        <colordiffuse>88FFFFFF</colordiffuse>
                        <visible>ListItem.HasEpg</visible>
                        <info>ListItem.Progress</info>
                    </control>
                    <control type="image">
                        <left>510</left>
                        <top>6</top>
                        <width>75</width>
                        <height>75</height>
                        <texture>$INFO[ListItem.Icon]</texture>
                        <aspectratio>keep</aspectratio>
                    </control>
                    <control type="image">
                        <left>8</left>
                        <top>56</top>
                        <width>45</width>
                        <height>30</height>
                        <texture>PVR-IsRecording.png</texture>
                        <visible>ListItem.IsRecording</visible>
                    </control>
                </itemlayout>
                <focusedlayout height="90" width="585">
                    <control type="image">
                        <left>0</left>
                        <top>0</top>
                        <width>585</width>
                        <height>92</height>
                        <texture border="2">MenuItemNF.png</texture>
                        <visible>!Control.HasFocus(50)</visible>
                        <include>VisibleFadeEffect</include>
                    </control>
                    <control type="image">
                        <left>0</left>
                        <top>0</top>
                        <width>585</width>
                        <height>92</height>
                        <texture border="2" colordiffuse="$VAR[MainColorOne]">$VAR[SelectMenuItem]</texture>
                        <visible>Control.HasFocus(50)</visible>
                        <include>VisibleFadeEffect</include>
                    </control>
                    <control type="label">
                        <left>8</left>
                        <top>-6</top>
                        <width>60</width>
                        <height>52</height>
                        <font>font12</font>
                        <align>left</align>
                        <aligny>center</aligny>
                        <textcolor>grey</textcolor>
                        <selectedcolor>grey</selectedcolor>
                        <info>ListItem.ChannelNumberLabel</info>
                    </control>
                    <control type="label">
                        <left>75</left>
                        <top>0</top>
                        <width>405</width>
                        <height>38</height>
                        <font>font13</font>
                        <textcolor>white</textcolor>
                        <selectedcolor>selected</selectedcolor>
                        <align>left</align>
                        <aligny>center</aligny>
                        <label>$INFO[ListItem.Label]</label>
                    </control>
                    <control type="label">
                        <left>75</left>
                        <top>38</top>
                        <width>495</width>
                        <height>30</height>
                        <font>font12</font>
                        <textcolor>grey</textcolor>
                        <selectedcolor>grey</selectedcolor>
                        <align>left</align>
                        <aligny>center</aligny>
                        <label>$INFO[ListItem.Title]</label>
                        <visible>String.IsEmpty(Listitem.Icon)</visible>
                    </control>
                    <control type="label">
                        <left>75</left>
                        <top>38</top>
                        <width>420</width>
                        <height>30</height>
                        <font>font12</font>
                        <textcolor>grey</textcolor>
                        <selectedcolor>grey</selectedcolor>
                        <align>left</align>
                        <aligny>center</aligny>
                        <label>$INFO[ListItem.Title]</label>
                        <visible>!String.IsEmpty(Listitem.Icon)</visible>
                    </control>
                    <control type="progress">
                        <description>Progressbar</description>
                        <left>75</left>
                        <top>72</top>
                        <width>420</width>
                        <height>9</height>
                        <colordiffuse>88FFFFFF</colordiffuse>
                        <visible>ListItem.HasEpg</visible>
                        <info>ListItem.Progress</info>
                    </control>
                    <control type="image">
                        <left>510</left>
                        <top>6</top>
                        <width>75</width>
                        <height>75</height>
                        <texture>$INFO[ListItem.Icon]</texture>
                        <aspectratio>keep</aspectratio>
                    </control>
                    <control type="image">
                        <left>8</left>
                        <top>56</top>
                        <width>45</width>
                        <height>30</height>
                        <texture>PVR-IsRecording.png</texture>
                        <visible>ListItem.IsRecording</visible>
                    </control>
                </focusedlayout>
            </control>
            <control type="scrollbar" id="70">
                <left>698</left>
                <top>128</top>
                <width>38</width>
                <height>810</height>
                <texturesliderbackground border="0,14,0,14">ScrollBarV.png</texturesliderbackground>
                <texturesliderbar border="0,14,0,14">ScrollBarV_bar.png</texturesliderbar>
                <texturesliderbarfocus border="0,14,0,14" colordiffuse="$VAR[MainColorOne]">ScrollBarV_bar_focus.png</texturesliderbarfocus>
                <textureslidernib colordiffuse="$VAR[MainColorOne]">ScrollBarNib.png</textureslidernib>
                <textureslidernibfocus colordiffuse="$VAR[MainColorOne]">ScrollBarNib.png</textureslidernibfocus>
                <onup>55555</onup>
                <ondown></ondown>
                <onleft>50</onleft>
                <onright>55555</onright>
                <showonepage>false</showonepage>
                <orientation>vertical</orientation>
            </control>
            <control type="label">
                <animation effect="slide" start="0,0" end="-135,0" time="0" condition="system.getbool(input.enablemouse)">Conditional</animation>
                <description>Page Count Label</description>
                <right>818</right>
                <top>80r</top>
                <width>750</width>
                <height>30</height>
                <font>font12</font>
                <textcolor>grey</textcolor>
                <scroll>false</scroll>
                <align>right</align>
                <aligny>center</aligny>
                <label>([COLOR=$VAR[MainColorOne]]$INFO[Container(50).NumItems][/COLOR]) $LOCALIZE[19019] - $LOCALIZE[31024] ([COLOR=$VAR[MainColorOne]]$INFO[Container(50).CurrentPage]/$INFO[Container(50).NumPages][/COLOR])</label>
                <include>Window_OpenClose_Animation</include>
                <visible>[!Player.HasMedia | Skin.HasSetting(HideNowPlayingInfo)] + !Skin.HasSetting(HidePageCountInfo)</visible>
            </control>
        </control>
    </include>
    <include name="ChannelList2">
        <control type="group">
            <visible>Control.IsVisible(5010)</visible>
            <include>Window_OpenClose_Animation</include>
            <control type="group">
                <include>VisibleFadeEffect</include>
                <!--BG image LEFTVIEW -->
                <control type="image">
                    <left>75</left>
                    <top>90</top>
                    <width>900</width>
                    <height>900</height>
                    <texture border="15">$VAR[DialogPath]ContentPanel.png</texture>
                </control>
                <control type="image">
                    <left>75</left>
                    <top>978</top>
                    <width>900</width>
                    <height>96</height>
                    <texture border="15">$VAR[DialogPath]ContentPanelMirror.png</texture>
                </control>
                <control type="image">
                    <left>990</left>
                    <top>90</top>
                    <width>870</width>
                    <height>900</height>
                    <texture border="15">$VAR[DialogPath]ContentPanel.png</texture>
                </control>
                <control type="image">
                    <left>990</left>
                    <top>978</top>
                    <width>870</width>
                    <height>96</height>
                    <texture border="15">$VAR[DialogPath]ContentPanelMirror.png</texture>
                </control>
            </control>
        </control>
        <control type="group">
            <description>Small Media Window</description>
            <left>1020</left>
            <top>120</top>
            <visible>Control.IsVisible(5010)</visible>
            <include>VisibleFadeEffect</include>
            <include>Window_OpenClose_Animation</include>
            <control type="image">
                <left>330</left>
                <top>0</top>
                <width>480</width>
                <height>276</height>
                <texture border="5">button-nofocus.png</texture>
            </control>
            <control type="image">
                <left>22</left>
                <top>30</top>
                <width>260</width>
                <height>176</height>
                <texture>$INFO[ListItem.Icon]</texture>
                <aspectratio>keep</aspectratio>
                <visible>!String.IsEmpty(Listitem.Icon)</visible>
            </control>
            <control type="multiimage">
                <left>338</left>
                <top>8</top>
                <width>465</width>
                <height>261</height>
                <aspectratio>scale</aspectratio>
                <imagepath background="true">$VAR[CommonMenuItemBackground]</imagepath>
                <include>BackgroundTimePerImage</include>
                <randomize>true</randomize>
                <fadetime>1000</fadetime>
                <visible>!Player.HasVideo</visible>
            </control>
            <control type="videowindow">
                <left>338</left>
                <top>8</top>
                <width>465</width>
                <height>261</height>
                <visible>Player.HasVideo</visible>
                <animation effect="slide" start="0,0" end="-3000,0" time="0">WindowClose</animation>
            </control>
        </control>
        <control type="group">
            <include>Window_OpenClose_Animation</include>
            <description>TV Channels group</description>
            <visible>Control.IsVisible(5010)</visible>
            <include>VisibleFadeEffect</include>
            <control type="group">
                <left>1020</left>
                <top>510</top>
                <control type="label">
                    <left>0</left>
                    <top>-90</top>
                    <width>600</width>
                    <height>30</height>
                    <font>font13</font>
                    <textcolor>white</textcolor>
                    <shadowcolor>black</shadowcolor>
                    <scroll>true</scroll>
                    <align>center</align>
                    <aligny>center</aligny>
                    <label>$INFO[Container(5010).ListItem.Title]</label>
                </control>
                <control type="label">
                    <left>0</left>
                    <top>-120</top>
                    <width>120</width>
                    <height>30</height>
                    <align>left</align>
                    <aligny>center</aligny>
                    <font>font10_title</font>
                    <textcolor>$VAR[MainColorOne]</textcolor>
                    <visible>Container(5010).ListItem.HasEpg</visible>
                    <label>$INFO[Container(5010).ListItem.StartTime]</label>
                </control>
                <control type="progress">
                    <description>Progressbar</description>
                    <left>6</left>
                    <top>-142</top>
                    <width>292</width>
                    <height>18</height>
                    <visible>Container(5010).ListItem.HasEpg</visible>
                    <info>Container(5010).ListItem.Progress</info>
                </control>
                <control type="label">
                    <left>184</left>
                    <top>-120</top>
                    <width>120</width>
                    <height>30</height>
                    <align>right</align>
                    <aligny>center</aligny>
                    <font>font10_title</font>
                    <textcolor>$VAR[MainColorOne]</textcolor>
                    <visible>Container(5010).ListItem.HasEpg</visible>
                    <label>$INFO[Container(5010).ListItem.EndTime]</label>
                </control>
                <control type="textbox">
                    <description>Plot Value for TVShow</description>
                    <left>0</left>
                    <top>-52</top>
                    <width>795</width>
                    <height>480</height>
                    <font>font13</font>
                    <align>justify</align>
                    <textcolor>grey</textcolor>
                    <shadowcolor>black</shadowcolor>
                    <pagecontrol></pagecontrol>
                    <label>$INFO[Container(5010).ListItem.Plot]</label>
                    <include condition="Skin.HasSetting(AutoScroll) + !Skin.HasSetting(AutoScroll.Slow)">StandardAutoScroll</include>
                    <include condition="Skin.HasSetting(AutoScroll) + Skin.HasSetting(AutoScroll.Slow)">SlowerAutoScroll</include>
                </control>
                <control type="label">
                    <left>0</left>
                    <top>420</top>
                    <width>495</width>
                    <height>30</height>
                    <font>font12</font>
                    <textcolor>grey2</textcolor>
                    <align>left</align>
                    <aligny>center</aligny>
                    <scroll>false</scroll>
                    <visible>!String.IsEmpty(Container(5010).ListItem.NextTitle)</visible>
                    <label>$LOCALIZE[19031]: $INFO[Container(5010).ListItem.NextTitle]</label>
                </control>
                <control type="label">
                    <left>502</left>
                    <top>420</top>
                    <width>300</width>
                    <height>30</height>
                    <font>font12</font>
                    <textcolor>grey2</textcolor>
                    <align>right</align>
                    <aligny>center</aligny>
                    <scroll>false</scroll>
                    <visible>!String.IsEmpty(Container(5010).ListItem.NextTitle)</visible>
                    <label>$INFO[Container(5010).ListItem.NextStartTime]$INFO[Container(5010).ListItem.NextEndTime, - ,]</label>
                </control>
            </control>
            <control type="list" id="5010">
                <left>105</left>
                <top>128</top>
                <width>838</width>
                <height>801</height>
                <onleft>100</onleft>
                <onright>70</onright>
                <onup>50</onup>
                <ondown>50</ondown>
                <viewtype label="537">list</viewtype>
                <pagecontrol>70</pagecontrol>
                <scrolltime>200</scrolltime>
                <itemlayout height="57" width="885">
                    <control type="image">
                        <left>0</left>
                        <top>0</top>
                        <width>838</width>
                        <height>57</height>
                        <texture border="2">MenuItemNF.png</texture>
                        <include>VisibleFadeEffect</include>
                    </control>
                    <control type="label">
                        <left>4</left>
                        <top>1</top>
                        <width>100</width>
                        <height>52</height>
                        <font>font13</font>
                        <align>left</align>
                        <aligny>center</aligny>
                        <textcolor>grey</textcolor>
                        <selectedcolor>grey</selectedcolor>
                        <info>ListItem.ChannelNumberLabel</info>
                    </control>
                    <control type="image">
                        <left>770</left>
                        <top>3</top>
                        <width>52</width>
                        <height>52</height>
                        <texture>$INFO[ListItem.Icon]</texture>
                        <aspectratio>keep</aspectratio>
                    </control>
                    <control type="label">
                        <left>100</left>
                        <top>1</top>
                        <width>650</width>
                        <height>46</height>
                        <font>font13</font>
                        <textcolor>white</textcolor>
                        <selectedcolor>selected</selectedcolor>
                        <align>left</align>
                        <aligny>center</aligny>
                        <label>$INFO[ListItem.Label]</label>
                    </control>
                    <control type="label">
                        <left>405</left>
                        <top>1</top>
                        <width>330</width>
                        <height>46</height>
                        <font>fontContextMenu</font>
                        <textcolor>grey</textcolor>
                        <selectedcolor>grey</selectedcolor>
                        <align>left</align>
                        <aligny>center</aligny>
                        <label>$INFO[ListItem.Title]</label>
                        <visible>String.IsEmpty(Listitem.Icon)</visible>
                    </control>
                    <control type="label">
                        <left>405</left>
                        <top>1</top>
                        <width>330</width>
                        <height>46</height>
                        <font>fontContextMenu</font>
                        <textcolor>grey</textcolor>
                        <selectedcolor>grey</selectedcolor>
                        <align>left</align>
                        <aligny>center</aligny>
                        <label>$INFO[ListItem.Title]</label>
                        <visible>!String.IsEmpty(Listitem.Icon)</visible>
                    </control>
                    <control type="progress">
                        <description>Progressbar</description>
                        <left>150</left>
                        <top>42</top>
                        <width>632</width>
                        <height>10</height>
                        <colordiffuse>88FFFFFF</colordiffuse>
                        <visible>ListItem.HasEpg</visible>
                        <info>ListItem.Progress</info>
                    </control>
                    <control type="image">
                        <left>754</left>
                        <top>8</top>
                        <width>45</width>
                        <height>30</height>
                        <texture>PVR-IsRecording.png</texture>
                        <visible>ListItem.IsRecording</visible>
                    </control>
                </itemlayout>
                <focusedlayout height="57" width="885">
                    <control type="image">
                        <left>0</left>
                        <top>0</top>
                        <width>832</width>
                        <height>57</height>
                        <texture border="2">MenuItemNF.png</texture>
                        <visible>!Control.HasFocus(5010)</visible>
                        <include>VisibleFadeEffect</include>
                    </control>
                    <control type="image">
                        <left>0</left>
                        <top>0</top>
                        <width>832</width>
                        <height>52</height>
                        <texture border="2" colordiffuse="$VAR[MainColorOne]">$VAR[SelectMenuItem]</texture>
                        <visible>Control.HasFocus(5010)</visible>
                        <include>VisibleFadeEffect</include>
                    </control>
                    <control type="label">
                        <left>4</left>
                        <top>1</top>
                        <width>100</width>
                        <height>52</height>
                        <font>font13</font>
                        <align>left</align>
                        <aligny>center</aligny>
                        <textcolor>grey</textcolor>
                        <selectedcolor>grey</selectedcolor>
                        <info>ListItem.ChannelNumberLabel</info>
                    </control>
                    <control type="image">
                        <left>770</left>
                        <top>3</top>
                        <width>52</width>
                        <height>52</height>
                        <texture>$INFO[ListItem.Icon]</texture>
                        <aspectratio>keep</aspectratio>
                    </control>
                    <control type="label">
                        <left>100</left>
                        <top>1</top>
                        <width>650</width>
                        <height>46</height>
                        <font>font13</font>
                        <textcolor>white</textcolor>
                        <selectedcolor>selected</selectedcolor>
                        <align>left</align>
                        <aligny>center</aligny>
                        <label>$INFO[ListItem.Label]</label>
                    </control>
                    <control type="label">
                        <left>405</left>
                        <top>1</top>
                        <width>330</width>
                        <height>46</height>
                        <font>fontContextMenu</font>
                        <textcolor>grey</textcolor>
                        <selectedcolor>grey</selectedcolor>
                        <align>left</align>
                        <aligny>center</aligny>
                        <label>$INFO[ListItem.Title]</label>
                        <visible>String.IsEmpty(Listitem.Icon)</visible>
                    </control>
                    <control type="label">
                        <left>405</left>
                        <top>1</top>
                        <width>330</width>
                        <height>46</height>
                        <font>fontContextMenu</font>
                        <textcolor>grey</textcolor>
                        <selectedcolor>grey</selectedcolor>
                        <align>left</align>
                        <aligny>center</aligny>
                        <label>$INFO[ListItem.Title]</label>
                        <visible>!String.IsEmpty(Listitem.Icon)</visible>
                    </control>
                    <control type="progress">
                        <description>Progressbar</description>
                        <left>150</left>
                        <top>42</top>
                        <width>632</width>
                        <height>10</height>
                        <colordiffuse>88FFFFFF</colordiffuse>
                        <visible>ListItem.HasEpg</visible>
                        <info>ListItem.Progress</info>
                    </control>
                    <control type="image">
                        <left>754</left>
                        <top>8</top>
                        <width>45</width>
                        <height>30</height>
                        <texture>PVR-IsRecording.png</texture>
                        <visible>ListItem.IsRecording</visible>
                    </control>
                </focusedlayout>
            </control>
            <control type="scrollbar" id="70">
                <left>922</left>
                <top>128</top>
                <width>38</width>
                <height>810</height>
                <texturesliderbackground border="0,14,0,14">ScrollBarV.png</texturesliderbackground>
                <texturesliderbar border="0,14,0,14">ScrollBarV_bar.png</texturesliderbar>
                <texturesliderbarfocus border="0,14,0,14" colordiffuse="$VAR[MainColorOne]">ScrollBarV_bar_focus.png</texturesliderbarfocus>
                <textureslidernib colordiffuse="$VAR[MainColorOne]">ScrollBarNib.png</textureslidernib>
                <textureslidernibfocus colordiffuse="$VAR[MainColorOne]">ScrollBarNib.png</textureslidernibfocus>
                <onup>55555</onup>
                <ondown></ondown>
                <onleft>50</onleft>
                <onright>55555</onright>
                <showonepage>false</showonepage>
                <orientation>vertical</orientation>
            </control>
            <control type="label">
                <animation effect="slide" start="0,0" end="-135,0" time="0" condition="system.getbool(input.enablemouse)">Conditional</animation>
                <description>Page Count Label</description>
                <right>608</right>
                <top>80r</top>
                <width>750</width>
                <height>30</height>
                <font>font12</font>
                <textcolor>grey</textcolor>
                <scroll>false</scroll>
                <align>right</align>
                <aligny>center</aligny>
                <label>([COLOR=$VAR[MainColorOne]]$INFO[Container(5010).NumItems][/COLOR]) $LOCALIZE[19019] - $LOCALIZE[31024] ([COLOR=$VAR[MainColorOne]]$INFO[Container(5010).CurrentPage]/$INFO[Container(5010).NumPages][/COLOR])</label>
                <include>Window_OpenClose_Animation</include>
                <visible>[!Player.HasMedia | Skin.HasSetting(HideNowPlayingInfo)] + !Skin.HasSetting(HidePageCountInfo)</visible>
            </control>
        </control>
    </include>
    <include name="AllWidthList">
        <control type="group">
            <visible>Control.IsVisible(5060)</visible>
            <include>VisibleFadeEffect</include>
            <control type="image">
                <posx>660r</posx>
                <posy>60</posy>
                <width>660</width>
                <height>920</height>
                <texture border="15">$VAR[DialogPath]ContentPanel.png</texture>
            </control>
            <control type="image">
                <posx>660r</posx>
                <posy>968</posy>
                <width>660</width>
                <height>96</height>
                <texture border="15">$VAR[DialogPath]ContentPanelMirror.png</texture>
            </control>
            <control type="list" id="5060">
                <posx>630r</posx>
                <posy>82</posy>
                <height>878</height>
                <width>630</width>
                <onleft>100</onleft>
                <onright>70</onright>
                <onup>5060</onup>
                <ondown>5060</ondown>
                <pagecontrol>60</pagecontrol>
                <viewtype label="$LOCALIZE[1000] $LOCALIZE[535]">list</viewtype>
                <orientation>vertical</orientation>
                <scrolltime>300</scrolltime>
                <focusposition>2</focusposition>
                <preloaditems>2</preloaditems>
                <itemlayout condition="Control.IsVisible(5060)" width="585" height="90">
                    <control type="image">
                        <left>0</left>
                        <top>0</top>
                        <width>585</width>
                        <height>92</height>
                        <texture border="2">MenuItemNF.png</texture>
                        <include>VisibleFadeEffect</include>
                    </control>
                    <control type="label">
                        <left>8</left>
                        <top>-6</top>
                        <width>60</width>
                        <height>52</height>
                        <font>font12</font>
                        <align>left</align>
                        <aligny>center</aligny>
                        <textcolor>grey</textcolor>
                        <selectedcolor>grey</selectedcolor>
                        <info>ListItem.ChannelNumberLabel</info>
                    </control>
                    <control type="label">
                        <left>75</left>
                        <top>0</top>
                        <width>405</width>
                        <height>38</height>
                        <font>font13</font>
                        <textcolor>white</textcolor>
                        <selectedcolor>selected</selectedcolor>
                        <align>left</align>
                        <aligny>center</aligny>
                        <label>$INFO[ListItem.Label]</label>
                    </control>
                    <control type="label">
                        <left>75</left>
                        <top>38</top>
                        <width>495</width>
                        <height>30</height>
                        <font>font12</font>
                        <textcolor>grey</textcolor>
                        <selectedcolor>grey</selectedcolor>
                        <align>left</align>
                        <aligny>center</aligny>
                        <label>$INFO[ListItem.Title]</label>
                        <visible>String.IsEmpty(Listitem.Icon)</visible>
                    </control>
                    <control type="label">
                        <left>75</left>
                        <top>38</top>
                        <width>420</width>
                        <height>30</height>
                        <font>font12</font>
                        <textcolor>grey</textcolor>
                        <selectedcolor>grey</selectedcolor>
                        <align>left</align>
                        <aligny>center</aligny>
                        <label>$INFO[ListItem.Title]</label>
                        <visible>!String.IsEmpty(Listitem.Icon)</visible>
                    </control>
                    <control type="progress">
                        <description>Progressbar</description>
                        <left>75</left>
                        <top>72</top>
                        <width>420</width>
                        <height>9</height>
                        <colordiffuse>88FFFFFF</colordiffuse>
                        <visible>ListItem.HasEpg</visible>
                        <info>ListItem.Progress</info>
                    </control>
                    <control type="image">
                        <left>510</left>
                        <top>6</top>
                        <width>75</width>
                        <height>75</height>
                        <texture>$INFO[ListItem.Icon]</texture>
                        <aspectratio>keep</aspectratio>
                    </control>
                    <control type="image">
                        <left>8</left>
                        <top>56</top>
                        <width>45</width>
                        <height>30</height>
                        <texture>PVR-IsRecording.png</texture>
                        <visible>ListItem.IsRecording</visible>
                    </control>
                </itemlayout>
                <focusedlayout condition="Control.IsVisible(5060)" width="585" height="90">
                    <control type="image">
                        <left>0</left>
                        <top>0</top>
                        <width>585</width>
                        <height>92</height>
                        <texture border="2">MenuItemNF.png</texture>
                        <visible>!Control.HasFocus(5060)</visible>
                        <include>VisibleFadeEffect</include>
                    </control>
                    <control type="image">
                        <left>0</left>
                        <top>0</top>
                        <width>585</width>
                        <height>92</height>
                        <texture border="2" colordiffuse="$VAR[MainColorOne]">$VAR[SelectMenuItem]</texture>
                        <visible>Control.HasFocus(5060)</visible>
                        <include>VisibleFadeEffect</include>
                    </control>
                    <control type="label">
                        <left>8</left>
                        <top>-6</top>
                        <width>60</width>
                        <height>52</height>
                        <font>font12</font>
                        <align>left</align>
                        <aligny>center</aligny>
                        <textcolor>grey</textcolor>
                        <selectedcolor>grey</selectedcolor>
                        <info>ListItem.ChannelNumberLabel</info>
                    </control>
                    <control type="label">
                        <left>75</left>
                        <top>0</top>
                        <width>405</width>
                        <height>38</height>
                        <font>font13</font>
                        <textcolor>white</textcolor>
                        <selectedcolor>selected</selectedcolor>
                        <align>left</align>
                        <aligny>center</aligny>
                        <label>$INFO[ListItem.Label]</label>
                    </control>
                    <control type="label">
                        <left>75</left>
                        <top>38</top>
                        <width>495</width>
                        <height>30</height>
                        <font>font12</font>
                        <textcolor>grey</textcolor>
                        <selectedcolor>grey</selectedcolor>
                        <align>left</align>
                        <aligny>center</aligny>
                        <label>$INFO[ListItem.Title]</label>
                        <visible>String.IsEmpty(Listitem.Icon)</visible>
                    </control>
                    <control type="label">
                        <left>75</left>
                        <top>38</top>
                        <width>420</width>
                        <height>30</height>
                        <font>font12</font>
                        <textcolor>grey</textcolor>
                        <selectedcolor>grey</selectedcolor>
                        <align>left</align>
                        <aligny>center</aligny>
                        <label>$INFO[ListItem.Title]</label>
                        <visible>!String.IsEmpty(Listitem.Icon)</visible>
                    </control>
                    <control type="progress">
                        <description>Progressbar</description>
                        <left>75</left>
                        <top>72</top>
                        <width>420</width>
                        <height>9</height>
                        <colordiffuse>88FFFFFF</colordiffuse>
                        <visible>ListItem.HasEpg</visible>
                        <info>ListItem.Progress</info>
                    </control>
                    <control type="image">
                        <left>510</left>
                        <top>6</top>
                        <width>75</width>
                        <height>75</height>
                        <texture>$INFO[ListItem.Icon]</texture>
                        <aspectratio>keep</aspectratio>
                    </control>
                    <control type="image">
                        <left>8</left>
                        <top>56</top>
                        <width>45</width>
                        <height>30</height>
                        <texture>PVR-IsRecording.png</texture>
                        <visible>ListItem.IsRecording</visible>
                    </control>
                </focusedlayout>
            </control>
            <control type="scrollbar" id="70">
                <posx>52r</posx>
                <posy>98</posy>
                <width>38</width>
                <height>848</height>
                <texturesliderbackground border="0,14,0,14">ScrollBarV.png</texturesliderbackground>
                <texturesliderbar border="0,14,0,14">ScrollBarV_bar.png</texturesliderbar>
                <texturesliderbarfocus border="0,14,0,14" colordiffuse="$VAR[MainColorOne]">ScrollBarV_bar_focus.png</texturesliderbarfocus>
                <textureslidernib colordiffuse="$VAR[MainColorOne]">ScrollBarNib.png</textureslidernib>
                <textureslidernibfocus colordiffuse="$VAR[MainColorOne]">ScrollBarNib.png</textureslidernibfocus>
                <onup>55555</onup>
                <ondown></ondown>
                <onleft>50</onleft>
                <onright>55555</onright>
                <onright condition="Skin.HasSetting(DisableHomeReturnButtons)">9000</onright>
                <onright condition="!Skin.HasSetting(DisableHomeReturnButtons)">82</onright>
                <showonepage>false</showonepage>
                <orientation>vertical</orientation>
            </control>
            <control type="label">
                <animation effect="slide" start="0,0" end="-135,0" time="0" condition="system.getbool(input.enablemouse)">Conditional</animation>
                <description>Page Count Label</description>
                <left>1275</left>
                <top>80r</top>
                <width>750</width>
                <height>30</height>
                <font>font12</font>
                <textcolor>grey</textcolor>
                <scroll>false</scroll>
                <align>left</align>
                <aligny>center</aligny>
                <label>([COLOR=$VAR[MainColorOne]]$INFO[Container(5060).NumItems][/COLOR]) $LOCALIZE[19019] - $LOCALIZE[31024] ([COLOR=$VAR[MainColorOne]]$INFO[Container(5060).CurrentPage]/$INFO[Container(5060).NumPages][/COLOR])</label>
                <include>Window_OpenClose_Animation</include>
                <visible>[!Player.HasMedia | Skin.HasSetting(HideNowPlayingInfo)] + !Skin.HasSetting(HidePageCountInfo)</visible>
            </control>
            <control type="group">
                <visible>Control.IsVisible(5060)</visible>
                <posx>68</posx>
                <posy>60</posy>
                <control type="image">
                    <posx>0</posx>
                    <posy>0</posy>
                    <width>1185</width>
                    <height>660</height>
                    <texture>$VAR[DialogPath]ContentPanel.png</texture>
                </control>
                <control type="multiimage">
                    <posx>8</posx>
                    <posy>8</posy>
                    <width>1170</width>
                    <height>645</height>
                    <aspectratio>scale</aspectratio>
                    <imagepath background="true">$VAR[CommonMenuItemBackground]</imagepath>
                    <include>BackgroundTimePerImage</include>
                    <randomize>true</randomize>
                    <fadetime>1000</fadetime>
                    <visible>!Player.HasVideo</visible>
                </control>
                <control type="videowindow">
                    <posx>8</posx>
                    <posy>8</posy>
                    <width>1170</width>
                    <height>645</height>
                    <aspectratio>scale</aspectratio>
                    <visible>Player.HasVideo</visible>
                    <animation effect="slide" start="0,0" end="-3000,0" time="0">WindowClose</animation>
                </control>
                <control type="group">
                    <description>Description Value for Video</description>
                    <posx>0</posx>
                    <posy>652</posy>
                    <width>1185</width>
                    <control type="image">
                        <posx>0</posx>
                        <posy>0</posy>
                        <width>1185</width>
                        <height>264</height>
                        <texture border="4">$VAR[DialogPath]ContentPanel.png</texture>
                    </control>
                    <control type="image">
                        <posx>0</posx>
                        <posy>252</posy>
                        <width>1185</width>
                        <height>96</height>
                        <texture border="15">$VAR[DialogPath]ContentPanelMirror.png</texture>
                    </control>
                    <control type="label">
                        <posx>0</posx>
                        <posy>8</posy>
                        <width>1035</width>
                        <height>30</height>
                        <font>font13</font>
                        <textcolor>white</textcolor>
                        <shadowcolor>black</shadowcolor>
                        <scroll>true</scroll>
                        <align>center</align>
                        <aligny>center</aligny>
                        <label>$INFO[Container(5060).ListItem.Title]</label>
                        <animation effect="fade" start="100" end="0" time="2000" condition="Player.HasVideo + System.IdleTime(10) + !Skin.HasSetting(HideNowPlayingInfo)">Conditional</animation>
                    </control>
                    <control type="label">
                        <posx>120</posx>
                        <posy>33</posy>
                        <width>120</width>
                        <height>30</height>
                        <align>right</align>
                        <aligny>center</aligny>
                        <font>font10_title</font>
                        <textcolor>$VAR[MainColorOne]</textcolor>
                        <visible>Container(5060).ListItem.HasEpg</visible>
                        <animation effect="fade" start="100" end="0" time="2000" condition="Player.HasVideo + System.IdleTime(10) + !Skin.HasSetting(HideNowPlayingInfo)">Conditional</animation>
                        <label>$INFO[Container(5060).ListItem.StartTime]</label>
                    </control>
                    <control type="progress">
                        <description>Progressbar</description>
                        <posx>128</posx>
                        <posy>45</posy>
                        <width>660</width>
                        <height>12</height>
                        <visible>Container(5060).ListItem.HasEpg</visible>
                        <animation effect="fade" start="100" end="0" time="2000" condition="Player.HasVideo + System.IdleTime(10) + !Skin.HasSetting(HideNowPlayingInfo)">Conditional</animation>
                        <info>Container(5060).ListItem.Progress</info>
                    </control>
                    <control type="label">
                        <posx>795</posx>
                        <posy>33</posy>
                        <width>120</width>
                        <height>30</height>
                        <align>left</align>
                        <aligny>center</aligny>
                        <font>font10_title</font>
                        <textcolor>$VAR[MainColorOne]</textcolor>
                        <visible>Container(5060).ListItem.HasEpg</visible>
                        <animation effect="fade" start="100" end="0" time="2000" condition="Player.HasVideo + System.IdleTime(10) + !Skin.HasSetting(HideNowPlayingInfo)">Conditional</animation>
                        <label>$INFO[Container(5060).ListItem.EndTime]</label>
                    </control>
                    <control type="textbox">
                        <description>Plot Value for TVShow</description>
                        <posx>15</posx>
                        <posy>64</posy>
                        <width>892</width>
                        <height>142</height>
                        <font>font12</font>
                        <align>justify</align>
                        <textcolor>white</textcolor>
                        <shadowcolor>black</shadowcolor>
                        <pagecontrol></pagecontrol>
                        <visible>Control.IsVisible(5060)</visible>
                        <label>$INFO[Container(5060).ListItem.Plot]</label>
                        <animation effect="fade" start="100" end="0" time="2000" condition="Player.HasVideo + System.IdleTime(10) + !Skin.HasSetting(HideNowPlayingInfo)">Conditional</animation>
                        <include condition="Skin.HasSetting(AutoScroll) + !Skin.HasSetting(AutoScroll.Slow)">StandardAutoScroll</include>
					    <include condition="Skin.HasSetting(AutoScroll) + Skin.HasSetting(AutoScroll.Slow)">SlowerAutoScroll</include>
                    </control>
                    <control type="image">
                        <posx>915</posx>
                        <posy>8</posy>
                        <width>255</width>
                        <height>210</height>
                        <texture>$INFO[ListItem.PlotOutline]</texture>
                        <visible>Control.IsVisible(5060)</visible>
                        <animation effect="fade" start="100" end="0" time="2000" condition="Player.HasVideo + System.IdleTime(10) + !Skin.HasSetting(HideNowPlayingInfo)">Conditional</animation>
                    </control>
                    <control type="image">
                        <posx>915</posx>
                        <posy>8</posy>
                        <width>255</width>
                        <height>210</height>
                        <texture>$INFO[ListItem.Icon]</texture>
                        <visible>Control.IsVisible(5060) + String.IsEmpty(ListItem.PlotOutline)</visible>
                        <animation effect="fade" start="100" end="0" time="2000" condition="Player.HasVideo + System.IdleTime(10) + !Skin.HasSetting(HideNowPlayingInfo)">Conditional</animation>
                    </control>
                    <control type="label">
                        <posx>915</posx>
                        <posy>218</posy>
                        <width>1035</width>
                        <height>30</height>
                        <font>font13</font>
                        <textcolor>$VAR[MainColorOne]</textcolor>
                        <align>right</align>
                        <aligny>center</aligny>
                        <scroll>false</scroll>
                        <visible>!String.IsEmpty(Container(5060).ListItem.NextTitle)</visible>
                        <label>$LOCALIZE[19031]: $INFO[Container(5060).ListItem.NextTitle]</label>
                        <animation effect="fade" start="100" end="0" time="2000" condition="Player.HasVideo + System.IdleTime(10) + !Skin.HasSetting(HideNowPlayingInfo)">Conditional</animation>
                    </control>
                    <control type="label">
                        <description>header label</description>
                        <posx>368</posx>
                        <posy>-712</posy>
                        <width>210</width>
                        <height>60</height>
                        <font>font12</font>
                        <label>$INFO[ListItem.ChannelGroup]</label>
                        <align>right</align>
                        <aligny>center</aligny>
                        <textcolor>$VAR[MainColorOne]</textcolor>
                        <shadowcolor>black</shadowcolor>
                        <visible>!pvr.IsPlayingRadio</visible>
                    </control>
                    <control type="image">
                        <description>group logo</description>
                        <posx>-15</posx>
                        <posy>232</posy>
                        <width>195</width>
                        <height>135</height>
                        <texture>group/$INFO[ListItem.ChannelGroup].png</texture>
                        <visible>!pvr.IsPlayingRadio</visible>
                    </control>
                </control>
                <visible>Control.IsVisible(5060)</visible>
            </control>
        </control>
    </include>
    <include name="MediaInfoPVR">
        <control type="group">
            <visible>Control.IsVisible(5040)</visible>
            <include>VisibleFadeEffect</include>
            <include>ContentPanelBackgrounds2</include>
        <control type="grouplist" id="55555">
                <description>PvrTools</description>
            <include>Window_OpenClose_Animation</include>
            <left>1100</left>
            <top>0</top>
            <onleft>70</onleft>
            <onright>800</onright>
            <onup>800</onup><ondown>70</ondown>
            <align>left</align>
            <orientation>horizontal</orientation>
            <itemgap>15</itemgap>
                <visible></visible>
        </control>
            <control type="list" id="5040">
                <left>105</left>
                <top>117</top>
                <width>870</width>
                <height>842</height>
                <onleft>2</onleft>
                <onright>70</onright>
                <onup>5040</onup>
                <ondown>5040</ondown>
                <viewtype label="$LOCALIZE[544]">list</viewtype>
                <pagecontrol>60</pagecontrol>
                <scrolltime>200</scrolltime>
                <itemlayout height="60" width="870">
                    <control type="image">
                        <left>0</left>
                        <top>0</top>
                        <width>870</width>
                        <height>62</height>
                        <texture border="0,2,0,2">MenuItemNF.png</texture>
                    </control>
                    <control type="label">
                        <left>15</left>
                        <top>0</top>
                        <width>60</width>
                        <height>60</height>
                        <font>font12</font>
                        <align>left</align>
                        <aligny>center</aligny>
                        <textcolor>grey</textcolor>
                        <selectedcolor>grey</selectedcolor>
                        <info>ListItem.ChannelNumberLabel</info>
                    </control>
                    <control type="label">
                        <left>90</left>
                        <top>0</top>
                        <width>705</width>
                        <height>60</height>
                        <font>font13</font>
                        <textcolor>grey2</textcolor>
                        <selectedcolor>selected</selectedcolor>
                        <align>left</align>
                        <aligny>center</aligny>
                        <label>$INFO[ListItem.Label]</label>
                    </control>
                    <control type="label">
                        <left>90</left>
                        <top>0</top>
                        <width>660</width>
                        <height>60</height>
                        <font>font12</font>
                        <textcolor>grey2</textcolor>
                        <selectedcolor>selected</selectedcolor>
                        <align>right</align>
                        <aligny>center</aligny>
                        <label>$INFO[ListItem.Title]</label>
                    </control>
                    <control type="image">
                        <left>800</left>
                        <top>12</top>
                        <width>60</width>
                        <height>39</height>
                        <texture>$INFO[ListItem.Icon]</texture>
                        <aspectratio>keep</aspectratio>
                    </control>
                    <control type="image">
                        <left>818</left>
                        <top>21</top>
                        <width>24</width>
                        <height>24</height>
                        <texture>PVR-IsRecording.png</texture>
                        <visible>ListItem.IsRecording</visible>
                        <aspectratio align="left">keep</aspectratio>
                    </control>
                </itemlayout>
                <focusedlayout height="60" width="870">
                    <control type="image">
                        <left>0</left>
                        <top>0</top>
                        <width>870</width>
                        <height>62</height>
                        <texture border="0,2,0,2">MenuItemNF.png</texture>
                        <visible>!Control.HasFocus(5040)</visible>
                        <include>VisibleFadeEffect</include>
                    </control>
                    <control type="image">
                        <left>0</left>
                        <top>0</top>
                        <width>870</width>
                        <height>62</height>
                        <texture border="5" colordiffuse="$VAR[MainColorOne]">$VAR[SelectMenuItem]</texture>
                        <visible>Control.HasFocus(5040)</visible>
                        <include>VisibleFadeEffect</include>
                    </control>
                    <control type="label">
                        <left>15</left>
                        <top>0</top>
                        <width>60</width>
                        <height>60</height>
                        <font>font12</font>
                        <align>left</align>
                        <aligny>center</aligny>
                        <textcolor>grey</textcolor>
                        <selectedcolor>grey</selectedcolor>
                        <info>ListItem.ChannelNumberLabel</info>
                    </control>
                    <control type="label">
                        <left>90</left>
                        <top>0</top>
                        <width>705</width>
                        <height>60</height>
                        <font>font13</font>
                        <textcolor>white</textcolor>
                        <selectedcolor>selected</selectedcolor>
                        <align>left</align>
                        <aligny>center</aligny>
                        <label>$INFO[ListItem.Label]</label>
                    </control>
                    <control type="label">
                        <left>90</left>
                        <top>0</top>
                        <width>660</width>
                        <height>60</height>
                        <font>font12</font>
                        <textcolor>grey2</textcolor>
                        <selectedcolor>selected</selectedcolor>
                        <align>right</align>
                        <aligny>center</aligny>
                        <label>$INFO[ListItem.Title]</label>
                    </control>
                    <control type="image">
                        <left>800</left>
                        <top>12</top>
                        <width>60</width>
                        <height>39</height>
                        <texture>$INFO[ListItem.Icon]</texture>
                        <aspectratio>keep</aspectratio>
                    </control>
                    <control type="image">
                        <left>818</left>
                        <top>21</top>
                        <width>24</width>
                        <height>24</height>
                        <texture>PVR-IsRecording.png</texture>
                        <visible>ListItem.IsRecording</visible>
                        <aspectratio align="left">keep</aspectratio>
                    </control>
                </focusedlayout>
            </control>
            <control type="scrollbar" id="70">
                <left>977</left>
                <top>117</top>
                <width>38</width>
                <height>840</height>
                <texturesliderbackground border="10,14,10,14">ScrollBarV.png</texturesliderbackground>
                <texturesliderbar border="10,14,10,14">ScrollBarV_bar.png</texturesliderbar>
                <texturesliderbarfocus border="10,14,10,14" colordiffuse="$VAR[MainColorOne]">ScrollBarV_bar_focus.png</texturesliderbarfocus>
                <textureslidernib colordiffuse="$VAR[MainColorOne]">ScrollBarNib.png</textureslidernib>
                <textureslidernibfocus colordiffuse="$VAR[MainColorOne]">ScrollBarNib.png</textureslidernibfocus>
                <onup>55555</onup>
                <ondown></ondown>
                <onleft>50</onleft>
                <onright>977</onright>
                <showonepage>true</showonepage>
                <orientation>vertical</orientation>
                <visible>Control.IsVisible(5040)</visible>
            </control>
            <control type="group">
                <left>1065</left>
                <top>105</top>
                <control type="image">
                    <left>0</left>
                    <top>0</top>
                    <width>765</width>
                    <height>429</height>
                    <aspectratio>keep</aspectratio>
                    <fadetime>IconCrossfadeTime</fadetime>
                    <texture background="true">$INFO[ListItem.Icon]</texture>
                    <bordertexture background="true" border="8">ThumbShadow.png</bordertexture>
                    <bordersize>8</bordersize>
                    <visible>!Player.HasVideo</visible>
                </control>
                <control type="videowindow">
                    <left>0</left>
                    <top>0</top>
                    <width>765</width>
                    <height>488</height>
                    <aspectratio>scale</aspectratio>
                    <fadetime>IconCrossfadeTime</fadetime>
                    <bordertexture background="true" border="8">ThumbShadow.png</bordertexture>
                    <bordersize>8</bordersize>
                    <visible>Player.HasVideo</visible>
                </control>
                <control type="image">
                    <left>0</left>
                    <top>495</top>
                    <width>765</width>
                    <height>6</height>
                    <texture>separator.png</texture>
                </control>
                <control type="label">
                    <description>Title</description>
                    <left>15</left>
                    <top>502</top>
                    <width>210</width>
                    <height>38</height>
                    <label>$LOCALIZE[369]:</label>
                    <align>right</align>
                    <aligny>center</aligny>
                    <font>font13_title</font>
                    <textcolor>$VAR[MainColorOne]</textcolor>
                </control>
                <control type="label">
                    <description>Year Value</description>
                    <left>240</left>
                    <top>502</top>
                    <width>510</width>
                    <height>38</height>
                    <label>$INFO[Container(5040).ListItem.Title]</label>
                    <align>left</align>
                    <aligny>center</aligny>
                    <font>font13</font>
                    <scroll>true</scroll>
                </control>
                <control type="label">
                    <description>Genre txt</description>
                    <left>15</left>
                    <top>540</top>
                    <width>210</width>
                    <height>38</height>
                    <label>$LOCALIZE[515]:</label>
                    <align>right</align>
                    <aligny>center</aligny>
                    <font>font13_title</font>
                    <textcolor>$VAR[MainColorOne]</textcolor>
                </control>
                <control type="fadelabel">
                    <description>Genre Value</description>
                    <left>240</left>
                    <top>540</top>
                    <width>510</width>
                    <height>38</height>
                    <label fallback="32016">$INFO[listitem.Genre]</label>
                    <align>left</align>
                    <aligny>center</aligny>
                    <font>font13</font>
                    <scrollout>false</scrollout>
                    <pauseatend>1000</pauseatend>
                </control>
                <control type="label">
                    <left>0</left>
                    <top>578</top>
                    <width>120</width>
                    <height>30</height>
                    <align>right</align>
                    <aligny>center</aligny>
                    <font>font10_title</font>
                    <textcolor>$VAR[MainColorOne]</textcolor>
                    <visible>Container(5040).ListItem.HasEpg</visible>
                    <animation effect="fade" start="100" end="0" time="2000" condition="Player.HasVideo + System.IdleTime(10) + !Skin.HasSetting(HideNowPlayingInfo)">Conditional</animation>
                    <label>$INFO[Container(5040).ListItem.StartTime]</label>
                </control>
                <control type="progress">
                    <description>Progressbar</description>
                    <left>135</left>
                    <top>586</top>
                    <width>525</width>
                    <height>12</height>
                    <visible>Container(5040).ListItem.HasEpg</visible>
                    <animation effect="fade" start="100" end="0" time="2000" condition="Player.HasVideo + System.IdleTime(10) + !Skin.HasSetting(HideNowPlayingInfo)">Conditional</animation>
                    <info>Container(5040).ListItem.Progress</info>
                </control>
                <control type="label">
                    <left>675</left>
                    <top>578</top>
                    <width>120</width>
                    <height>30</height>
                    <align>left</align>
                    <aligny>center</aligny>
                    <font>font10_title</font>
                    <textcolor>$VAR[MainColorOne]</textcolor>
                    <visible>Container(5040).ListItem.HasEpg</visible>
                    <animation effect="fade" start="100" end="0" time="2000" condition="Player.HasVideo + System.IdleTime(10) + !Skin.HasSetting(HideNowPlayingInfo)">Conditional</animation>
                    <label>$INFO[Container(5040).ListItem.EndTime]</label>
                </control>
                <control type="image">
                    <left>0</left>
                    <top>615</top>
                    <width>765</width>
                    <height>6</height>
                    <texture>separator.png</texture>
                </control>
                <control type="textbox">
                    <description>Description Value for Video</description>
                    <left>15</left>
                    <top>618</top>
                    <width>735</width>
                    <height>230</height>
                    <font>font13</font>
                    <align>justify</align>
                    <textcolor>white</textcolor>
                    <label>$VAR[VideoDescription]</label>
                    <include condition="Skin.HasSetting(AutoScroll) + !Skin.HasSetting(AutoScroll.Slow)">StandardAutoScroll</include>
					<include condition="Skin.HasSetting(AutoScroll) + Skin.HasSetting(AutoScroll.Slow)">SlowerAutoScroll</include>
                </control>
            </control>
            <control type="label">
                <animation effect="slide" start="0,0" end="-135,0" time="0" condition="system.getbool(input.enablemouse)">Conditional</animation>
                <description>Page Count Label</description>
                <left>1050</left>
                <top>80r</top>
                <width>750</width>
                <height>30</height>
                <font>font12</font>
                <textcolor>grey</textcolor>
                <scroll>false</scroll>
                <align>left</align>
                <aligny>center</aligny>
                <label>([COLOR=$VAR[MainColorOne]]$INFO[Container(5040).NumItems][/COLOR]) $LOCALIZE[19019] - $LOCALIZE[31024] ([COLOR=$VAR[MainColorOne]]$INFO[Container(5040).CurrentPage]/$INFO[Container(5040).NumPages][/COLOR])</label>
                <include>Window_OpenClose_Animation</include>
                <visible>[!Player.HasMedia | Skin.HasSetting(HideNowPlayingInfo)] + !Skin.HasSetting(HidePageCountInfo)</visible>
            </control>
        </control>
    </include>
</includes>
