<?xml version="1.0" encoding="UTF-8"?>
<addon id="plugin.video.favourites" version="0.0.35Tk" name="Video Favourites" provider-name="primaeval">
<requires>
  <import addon="xbmc.python" version="3.0.0"/>
  <import addon="script.module.xbmcswift2" version="2.4.0"/>
  <import addon="script.module.requests" version="2.9.1" />
</requires>
<extension point="xbmc.python.pluginsource" library="main.py">
  <provides>video</provides>
</extension>
<extension point="xbmc.addon.metadata">
  <summary lang="en">Video Favourites</summary>
  <description lang="en"></description>
  <disclaimer lang="en"></disclaimer>
  <assets>
    <icon>icon.png</icon>
  </assets>
</extension>
</addon>

