<?xml version='1.0' encoding='UTF-8'?>
<shortcuts>
	<shortcut>
		<defaultID>service.gkobu.updater.13012</defaultID>
		<label>13012</label>
		<label2>Kodi Command</label2>
		<icon>DefaultShortcut.png</icon>
		<thumb>special://home/userdata\media\icons\logout.png</thumb>
		<action>Quit</action>
	</shortcut>
	<shortcut>
		<defaultID>service.gkobu.updater.13005</defaultID>
		<label>13005</label>
		<label2>Kodi Command</label2>
		<icon>DefaultShortcut.png</icon>
		<thumb>special://home/userdata\media\icons\power.png</thumb>
		<action>ShutDown</action>
	</shortcut>
	<shortcut>
		<defaultID>service.gkobu.updater.13016</defaultID>
		<label>13016</label>
		<label2>Kodi Command</label2>
		<icon>DefaultShortcut.png</icon>
		<thumb>special://home/userdata\media\icons\power.png</thumb>
		<action>PowerDown</action>
	</shortcut>
	<shortcut>
		<defaultID>service.gkobu.updater.13313</defaultID>
		<label>13313</label>
		<label2>Kodi Command</label2>
		<icon>DefaultShortcut.png</icon>
		<thumb>special://home/userdata\media\icons\update.png</thumb>
		<action>RestartApp</action>
	</shortcut>
	<shortcut>
		<defaultID>service.gkobu.updater.13010</defaultID>
		<label>13010</label>
		<label2>Kodi Command</label2>
		<icon>DefaultShortcut.png</icon>
		<thumb>special://home/userdata\media\icons\power.png</thumb>
		<action>Hibernate</action>
	</shortcut>
	<shortcut>
		<defaultID>service.gkobu.updater.13011</defaultID>
		<label>13011</label>
		<label2>Kodi Command</label2>
		<icon>DefaultShortcut.png</icon>
		<thumb>special://home/userdata\media\icons\power.png</thumb>
		<action>Suspend</action>
	</shortcut>
</shortcuts>
