<shortcuts>
	<shortcut>
		<defaultID>service.gkobu.updater.microjen</defaultID>
		<label>MicroJen</label>
		<label2>Favourite</label2>
		<icon>http://gknwizard.eu/repo/Builds/GKoBu/Plugins/matrix/plugin.video.microjen/icon.png</icon>
		<thumb>special://home/addons\plugin.video.microjen\icon.png</thumb>
		<action>ActivateWindow(10025,"plugin://plugin.video.microjen/get_list/http://gknwizard.eu/repo/Builds/GKoBu/xmls/tests/microjenmain.json")</action>
	</shortcut>
	<shortcut>
		<defaultID>service.gkobu.updater.shadowjen</defaultID>
		<label>Jen by Shadow</label>
		<label2>Favourite</label2>
		<icon>DefaultShortcut.png</icon>
		<thumb>http://gknwizard.eu/repo/Builds/GKoBu/Plugins/matrix/plugin.video.shadow/icon.png</thumb>
		<action>ActivateWindow(10025,"plugin://plugin.video.shadow/?all_w={}&amp;data= &amp;dates= &amp;description=One Click&amp;eng_name= &amp;episode= &amp;fanart= &amp;fav_status=false&amp;heb_name= &amp;iconimage= &amp;id= &amp;image_master&amp;isr=0&amp;last_id&amp;mode=189&amp;name= &amp;original_title= &amp;season= &amp;show_original_year= &amp;tmdbid= &amp;url=http://gknwizard.eu/repo/Builds/GKoBu/xmls/shadowjenmain.json&amp;video_data={"title": " ", "mediatype": " ", "TVshowtitle": "", "season": 0, "episode": 0, "OriginalTitle": " ", "rating": "0", "plot": "One Click", "Tag": "None", "id": " "}")</action>
	</shortcut>
	<shortcut>
		<defaultID>service.gkobu.updater.plugin.video.nemesisaio</defaultID>
		<label>[COLOR yellow][B]NemesisAio[/B][/COLOR]</label>
		<label2>Favourite</label2>
		<icon>DefaultShortcut.png</icon>
		<thumb>https://koditips.com/wp-content/uploads/nemesisaio-kodi-300x297.png</thumb>
		<action>RunScript(special://home/addons/plugin.program.downloader/resources/okpn.py, ActivateWindow(Videos,"plugin://plugin.video.nemesisaio"))</action>
	</shortcut>
	<shortcut>
		<defaultID>service.gkobu.updater.ghostshadow</defaultID>
		<label>Ghost</label>
		<label2>Favourite</label2>
		<icon>DefaultFolder.png</icon>
		<thumb>https://ia902503.us.archive.org/28/items/icon_20220511/icon.png</thumb>
		<action>ActivateWindow(10025,"plugin://plugin.video.shadow/?all_w={}&amp;data= &amp;dates= &amp;description=One Click&amp;eng_name= &amp;episode= &amp;fanart= &amp;fav_status=false&amp;heb_name= &amp;iconimage= &amp;id= &amp;image_master&amp;isr=0&amp;last_id&amp;mode=189&amp;name= &amp;original_title= &amp;season= &amp;show_original_year= &amp;tmdbid= &amp;url=http://gknwizard.eu/repo/Builds/GKoBu/xmls/ghost.json&amp;video_data={"title": " ", "mediatype": " ", "TVshowtitle": "", "season": 0, "episode": 0, "OriginalTitle": " ", "rating": "0", "plot": "One Click", "Tag": "None", "id": " "}")</action>
	</shortcut>
	<shortcut>
		<defaultID>service.gkobu.updater.themagicdragon</defaultID>
		<label>The Magic Dragon</label>
		<label2>Favourite</label2>
		<icon>DefaultFolder.png</icon>
		<thumb>https://raw.githubusercontent.com/tombebbs1/addon/main/icon.png</thumb>
		<action>ActivateWindow(10025,"plugin://plugin.video.shadow/?all_w={}&amp;data= &amp;dates= &amp;description=One Click&amp;eng_name= &amp;episode= &amp;fanart= &amp;fav_status=false&amp;heb_name= &amp;iconimage= &amp;id= &amp;image_master&amp;isr=0&amp;last_id&amp;mode=189&amp;name= &amp;original_title= &amp;season= &amp;show_original_year= &amp;tmdbid= &amp;url=http://gknwizard.eu/repo/Builds/GKoBu/xmls/md/md.json&amp;video_data={"title": " ", "mediatype": " ", "TVshowtitle": "", "season": 0, "episode": 0, "OriginalTitle": " ", "rating": "0", "plot": "One Click", "Tag": "None", "id": " "}")</action>
	</shortcut>
	<shortcut>
		<defaultID>service.gkobu.updater.supra</defaultID>
		<label>SUPRA(Hades)</label>
		<label2>Favourite</label2>
		<icon>DefaultShortcut.png</icon>
		<thumb>https://l3grthu.com/repos/hadesrepo/plugin.video.supra/icon.png</thumb>
		<action>ActivateWindow(10025,plugin://plugin.video.microjen/get_list/https://l3grthu.com/hades/hadez21/base1.xmll)</action>
	</shortcut>
	<shortcut>
		<defaultID>service.gkobu.updater.asg1click</defaultID>
		<label>[COLOR goldenrod]Asgard[/COLOR]</label>
		<label2>Favourite</label2>
		<icon>DefaultFolder.png</icon>
		<thumb>http://mylostsoulspace.co.uk/images/asg/icon.png</thumb>
		<action>ActivateWindow(10025,"plugin://plugin.video.shadow/?all_w=%7b%7d&amp;data=%20&amp;dates=%20&amp;description=1080%20One%20Click%20Section&amp;eng_name=%20&amp;episode=%20&amp;fanart=http%3a%2f%2fnarcacist.com%2fimages%2fasg%2ffanart.jpg&amp;fav_status=false&amp;heb_name=%20&amp;iconimage=http%3a%2f%2fnarcacist.com%2fimages%2fasg%2ficon.png&amp;id=%20&amp;image_master&amp;isr=0&amp;last_id&amp;mode=189&amp;name=%5bCOLOR%20goldenrod%5dOne%20Click%20Section%5b%2fCOLOR%5d&amp;original_title=%20&amp;search_db&amp;season=%20&amp;show_original_year=%20&amp;tmdbid=%20&amp;url=http://gknwizard.eu/repo/Builds/GKoBu/xmls/asdgard.json&amp;video_data=%7b%22title%22%3a%20%22%5bCOLOR%20goldenrod%5dOne%20Click%20Section%5b%2fCOLOR%5d%22%2c%20%22mediatype%22%3a%20%22movie%22%2c%20%22TVshowtitle%22%3a%20%22%22%2c%20%22season%22%3a%200%2c%20%22episode%22%3a%200%2c%20%22OriginalTitle%22%3a%20%22%20%22%2c%20%22rating%22%3a%20%220%22%2c%20%22plot%22%3a%20%221080%20One%20Click%20Section%22%2c%20%22Tag%22%3a%20%22None%22%2c%20%22id%22%3a%20%22%20%22%7d")</action>
	</shortcut>
	<shortcut>
		<defaultID>service.gkobu.updater.gratisaio</defaultID>
		<label>Gratis</label>
		<label2>Favourite</label2>
		<icon>DefaultShortcut.png</icon>
		<thumb>https://gknwizard.eu/repo/Builds/GKoBu/Plugins/matrix/plugin.video.gratis/icon.png</thumb>
		<action>ActivateWindow(10025,plugin://plugin.video.gratis/)</action>
	</shortcut>
	<shortcut>
		<defaultID>service.gkobu.updater.blackghost</defaultID>
		<label>BlackGhost</label>
		<label2>Favourite</label2>
		<icon>DefaultFolder.png</icon>
		<thumb>https://raw.githubusercontent.com/blackghostaddon/gray/master/gray/img/icon.png</thumb>
		<action>ActivateWindow(10025,"plugin://plugin.video.live.streamspro/?fanart=http%3a%2f%2fbg-tv.xyz%2fblack%2fimg%2ffanart.jpg&amp;mode=1&amp;name=BlackGhost&amp;url=http%3a%2f%2fgknwizard.eu%2frepo%2fBuilds%2fGKoBu%2fxmls%2fbglist")</action>
	</shortcut>
	<shortcut>
		<defaultID>service.gkobu.updater.chains1click</defaultID>
		<label>Chain Reaction Lite</label>
		<label2>Favourite</label2>
		<icon>DefaultFolder.png</icon>
		<thumb>https://i.imgur.com/WxBIoCq.png</thumb>
		<action>ActivateWindow(10025,"plugin://plugin.video.shadow/?all_w={}&amp;data= &amp;dates= &amp;description=One Click&amp;eng_name= &amp;episode= &amp;fanart= &amp;fav_status=false&amp;heb_name= &amp;iconimage= &amp;id= &amp;image_master&amp;isr=0&amp;last_id&amp;mode=189&amp;name= &amp;original_title= &amp;season= &amp;show_original_year= &amp;tmdbid= &amp;url=https://thechains24.com/broken%20chains/ChainsMain.txt&amp;video_data={"title": " ", "mediatype": " ", "TVshowtitle": "", "season": 0, "episode": 0, "OriginalTitle": " ", "rating": "0", "plot": "One Click", "Tag": "None", "id": " "}")</action>
	</shortcut>
	<shortcut>
		<defaultID>service.gkobu.updater.plugin.video.thecrew</defaultID>
		<label>[COLOR orchid]THE CREW[/COLOR]</label>
		<label2>Favourite</label2>
		<icon>DefaultShortcut.png</icon>
		<thumb>https://raw.githubusercontent.com/thecrewwh/zips/master/matrix/_zip/plugin.video.thecrew/icon.png</thumb>
		<action>ActivateWindow(Videos,"plugin://plugin.video.thecrew/")</action>
	</shortcut>
	<shortcut>
		<defaultID>service.gkobu.updater.plugin.video.ukturk19</defaultID>
		<label>UK Turk Playlists 19</label>
		<label2>Favourite</label2>
		<icon>DefaultShortcut.png</icon>
		<thumb>https://ukturks.app/api/Repository/addons/plugin.video.ukturk19/icon.png</thumb>
		<action>RunScript(special://home/addons/plugin.program.downloader/resources/okpn.py, ActivateWindow(Videos,"plugin://plugin.video.ukturk19/"))</action>
	</shortcut>
	<shortcut>
		<defaultID>service.gkobu.updater.twisted</defaultID>
		<label>Twisted</label>
		<label2>Favourite</label2>
		<icon>DefaultShortcut.png</icon>
		<thumb>http://twistednutz.xyz/twisted/repo/plugin.video.twisted/icon.png</thumb>
		<action>ActivateWindow(10025,"plugin://plugin.video.shadow/?all_w={}&amp;data= &amp;dates= &amp;description=One Click&amp;eng_name= &amp;episode= &amp;fanart= &amp;fav_status=false&amp;heb_name= &amp;iconimage= &amp;id= &amp;image_master&amp;isr=0&amp;last_id&amp;mode=189&amp;name= &amp;original_title= &amp;season= &amp;show_original_year= &amp;tmdbid= &amp;url=http://twistednutz.xyz/XML/main.xml&amp;video_data={"title": " ", "mediatype": " ", "TVshowtitle": "", "season": 0, "episode": 0, "OriginalTitle": " ", "rating": "0", "plot": "One Click", "Tag": "None", "id": " "}")</action>
	</shortcut>
	<shortcut>
		<defaultID>service.gkobu.updater.fido_shadow</defaultID>
		<label>Fido</label>
		<label2>Favourite</label2>
		<icon>DefaultShortcut.png</icon>
		<thumb>https://fantazyrepo.uk/addonimages/fido.addon/icon.png</thumb>
		<action>ActivateWindow(10025,"plugin://plugin.video.microjen/get_list/http://fantazyrepo.uk/addonimages/fido.addon/home.xmll")</action>
	</shortcut>
	<shortcut>
		<defaultID>service.gkobu.updater.themadtitan</defaultID>
		<label>The Mad Titan</label>
		<label2>Favourite</label2>
		<icon>DefaultShortcut.png</icon>
		<thumb>https://magnetic.website/__zips/plugin.video.themadtitan/icon.png</thumb>
		<action>ActivateWindow(10025,"plugin://plugin.video.shadow/?all_w={}&amp;data= &amp;dates= &amp;description=One Click&amp;eng_name= &amp;episode= &amp;fanart= &amp;fav_status=false&amp;heb_name= &amp;iconimage= &amp;id= &amp;image_master&amp;isr=0&amp;last_id&amp;mode=189&amp;name= &amp;original_title= &amp;season= &amp;show_original_year= &amp;tmdbid= &amp;url=http://magnetic.website/Mad%20Titan/main.xml&amp;video_data={"title": " ", "mediatype": " ", "TVshowtitle": "", "season": 0, "episode": 0, "OriginalTitle": " ", "rating": "0", "plot": "One Click", "Tag": "None", "id": " "}")</action>
	</shortcut>
	<shortcut>
		<defaultID>service.gkobu.updater.wolfpackmidian</defaultID>
		<label>WolfPack-Midian</label>
		<label2>Favourite</label2>
		<icon>DefaultShortcut.png</icon>
		<thumb>https://www.midian.appboxes.co/wolfyB/files/plugin.video.wolfpack/icon.png</thumb>
		<action>ActivateWindow(10025,"plugin://plugin.video.shadow/?all_w={}&amp;data= &amp;dates= &amp;description=One Click&amp;eng_name= &amp;episode= &amp;fanart= &amp;fav_status=false&amp;heb_name= &amp;iconimage= &amp;id= &amp;image_master&amp;isr=0&amp;last_id&amp;mode=189&amp;name= &amp;original_title= &amp;season= &amp;show_original_year= &amp;tmdbid= &amp;url=http://www.midian.appboxes.co/wolfyB/newmidian/2021index/oneclicksection.xml&amp;video_data={"title": " ", "mediatype": " ", "TVshowtitle": "", "season": 0, "episode": 0, "OriginalTitle": " ", "rating": "0", "plot": "One Click", "Tag": "None", "id": " "}")</action>
	</shortcut>
	<shortcut>
		<defaultID>service.gkobu.updater.aliunde</defaultID>
		<label>[COLOR aqua]Aliunde K19[/COLOR]</label>
		<label2>Favourite</label2>
		<icon>DefaultShortcut.png</icon>
		<thumb>https://fuse99.com/_aliunde/plugin.video.aliundek19/icon.png</thumb>
		<action>ActivateWindow(10025,"plugin://plugin.video.shadow/?all_w={}&amp;data= &amp;dates= &amp;description=One Click&amp;eng_name= &amp;episode= &amp;fanart= &amp;fav_status=false&amp;heb_name= &amp;iconimage= &amp;id= &amp;image_master&amp;isr=0&amp;last_id&amp;mode=189&amp;name= &amp;original_title= &amp;season= &amp;show_original_year= &amp;tmdbid= &amp;url=https://fuse99.com/xml19/main.xml&amp;video_data={"title": " ", "mediatype": " ", "TVshowtitle": "", "season": 0, "episode": 0, "OriginalTitle": " ", "rating": "0", "plot": "One Click", "Tag": "None", "id": " "}")</action>
	</shortcut>
</shortcuts>
