<shortcuts>
	<shortcut>
		<defaultID>service.gkobu.updater.livetv</defaultID>
		<label>32022</label>
		<label2>Custom item</label2>
		<icon>DefaultTVShows.png</icon>
		<thumb>special://home/userdata/media/backgrounds/live.jpg</thumb>
		<action>ActivateWindow(TVChannels)</action>
	</shortcut>
	<shortcut>
		<defaultID>service.gkobu.updater.radio</defaultID>
		<label>32087</label>
		<label2>Custom item</label2>
		<icon>DefaultTVShows.png</icon>
		<thumb>special://home/userdata/media/backgrounds/radio.jpg</thumb>
		<action>ActivateWindow(Programs,"plugin://plugin.program.super.favourites/?label=Radio&amp;mode=400&amp;path=special%3A%2F%2Fhome%2Fuserdata%2Faddon_data%2Fservice.gkobu.updater%2Ffolders%5CSuper+Favourites%5CRadio&amp;image=special%3A%2F%2Fhome%2Faddons%5Cplugin.video.youtube%5Cresources%5Cmedia%5Clive.png&amp;fanart=special://home/addons%5Cplugin.program.super.favourites%5Cfanart.jpg&amp;content_type=",return)</action>
	</shortcut>
	<shortcut>
		<defaultID>service.gkobu.updater.music</defaultID>
		<label>2</label>
		<label2>Custom item</label2>
		<icon>special://skin/extras/icons/DefaultAudio.png</icon>
		<thumb>special://home/userdata/media/backgrounds/music.jpg</thumb>
		<action>ActivateWindow(Programs,"plugin://plugin.program.super.favourites/?label=Music&amp;mode=400&amp;path=special%3A%2F%2Fhome%2Fuserdata%2Faddon_data%2Fservice.gkobu.updater%2Ffolders%5CSuper+Favourites%5CMusic&amp;image=https%3A%2F%2Fraw.githubusercontent.com%2FOpenELEQ%2FStyle%2Fmaster%2FMetalliQ%2Fdefault%2Fmusic.png&amp;fanart=special%3A%2F%2Fhome%2Faddons%2Fplugin.video.youtube%2Ffanart.jpg&amp;content_type=",return)</action>
	</shortcut>
	<shortcut>
		<defaultID>service.gkobu.updater.movies</defaultID>
		<label>342</label>
		<label2>Custom item</label2>
		<icon>special://skin/extras/icons/DefaultMovies.png</icon>
		<thumb>special://home/userdata/media/backgrounds/movies.jpg</thumb>
		<action>ActivateWindow(Programs,"plugin://plugin.program.super.favourites/?label=Movies&amp;mode=400&amp;path=special%3A%2F%2Fhome%2Fuserdata%2Faddon_data%2Fservice.gkobu.updater%2Ffolders%5CSuper+Favourites%5CMovies&amp;image=https%3A%2F%2Fraw.githubusercontent.com%2FOpenELEQ%2FStyle%2Fmaster%2FMetalliQ%2Fdefault%2Fmovies.png&amp;fanart=special://home/addons%5Cplugin.program.super.favourites%5Cfanart.jpg&amp;content_type=",return)</action>
	</shortcut>
	<shortcut>
		<defaultID>service.gkobu.updater.tvshows</defaultID>
		<label>20343</label>
		<label2>Custom item</label2>
		<icon>special://skin/extras/icons/DefaultTVShows.png</icon>
		<thumb>special://home/userdata/media/backgrounds/tvshows.jpg</thumb>
		<action>ActivateWindow(Programs,"plugin://plugin.program.super.favourites/?label=TV+Shows&amp;mode=400&amp;path=special%3A%2F%2Fhome%2Fuserdata%2Faddon_data%2Fservice.gkobu.updater%2Ffolders%5CSuper+Favourites%5CTV+Shows&amp;image=https%3A%2F%2Fraw.githubusercontent.com%2FOpenELEQ%2FStyle%2Fmaster%2FMetalliQ%2Fdefault%2Ftv.png&amp;fanart=special://home/addons%5Cplugin.program.super.favourites%5Cfanart.jpg&amp;content_type=",return)</action>
	</shortcut>
	<shortcut>
		<defaultID>service.gkobu.updater.Sports</defaultID>
		<label>19548</label>
		<label2>Custom item</label2>
		<icon>DefaultShortcut.png</icon>
		<thumb>special://home/userdata/media/backgrounds/sports.jpg</thumb>
		<action>ActivateWindow(Programs,"plugin://plugin.program.super.favourites/?label=Sports&amp;mode=400&amp;path=special%3A%2F%2Fhome%2Fuserdata%2Faddon_data%2Fservice.gkobu.updater%2Ffolders%5CSuper+Favourites%5CSports&amp;image=special%3A%2F%2Fhome%2Faddons%5Cplugin.video.SportsDevil%5Cresources%5Cimages%5Clivetv_ru.png&amp;fanart=special%3A%2F%2Fhome%2Faddons%5Cplugin.video.SportsDevil%5Cfanart.jpg&amp;content_type=",return)</action>
	</shortcut>
	<shortcut>
		<defaultID>service.gkobu.updater.aio</defaultID>
		<label>A.I.O</label>
		<label2>Custom item</label2>
		<icon>DefaultShortcut.png</icon>
		<thumb>special://home/userdata/media/backgrounds/aio.jpg</thumb>
		<action>ActivateWindow(Programs,"plugin://plugin.program.super.favourites/?label=AllInOne&amp;mode=400&amp;path=special%3A%2F%2Fhome%2Fuserdata%2Faddon_data%2Fservice.gkobu.updater%2Ffolders%5CSuper+Favourites%5CAllInOne&amp;image=special%3A%2F%2Fhome%2Faddons%5Cplugin.video.avezy%5Cicon.png&amp;fanart=special%3A%2F%2Fhome%2Faddons%5Cplugin.video.avezy%5Cfanart.jpg&amp;content_type=",return)</action>
	</shortcut>
	<shortcut>
		<defaultID>service.gkobu.updater.acestreams</defaultID>
		<label>Acestreams</label>
		<label2>Custom item</label2>
		<icon>DefaultShortcut.png</icon>
		<thumb>special://home/userdata/media/backgrounds/acestreams.jpg</thumb>
		<action>ActivateWindow(Programs,"plugin://plugin.program.super.favourites/?label=Acestreams&amp;mode=400&amp;path=special%3A%2F%2Fhome%2Fuserdata%2Faddon_data%2Fservice.gkobu.updater%2Ffolders%5CSuper+Favourites%5CAcestreams&amp;image=special%3A%2F%2Fhome%2Faddons%5Cplugin.video.avezy%5Cicon.png&amp;fanart=special%3A%2F%2Fhome%2Faddons%5Cplugin.video.avezy%5Cfanart.jpg&amp;content_type=",return)</action>
		<disabled>True</disabled>
	</shortcut>
	<shortcut>
		<defaultID>service.gkobu.updater.replays</defaultID>
		<label>Replays</label>
		<label2>Custom item</label2>
		<icon>DefaultShortcut.png</icon>
		<thumb>special://home/userdata/media/backgrounds/replays.jpg</thumb>
		<action>ActivateWindow(Programs,"plugin://plugin.program.super.favourites/?label=Replays&amp;mode=400&amp;path=special%3A%2F%2Fhome%2Fuserdata%2Faddon_data%2Fservice.gkobu.updater%2Ffolders%5CSuper+Favourites%5CReplays&amp;image=special%3A%2F%2Fhome%2Faddons%5Cplugin.video.novasports.gr%5Cicon.png&amp;fanart=special%3A%2F%2Fhome%2Faddons%5Cplugin.video.novasports.gr%5Cfanart.jpg&amp;content_type=",return)</action>
	</shortcut>
	<shortcut>
		<defaultID>service.gkobu.updater.ellinika</defaultID>
		<label>Ελληνικά</label>
		<label2>Custom item</label2>
		<icon>DefaultShortcut.png</icon>
		<thumb>special://home/userdata/media/backgrounds/greek.jpg</thumb>
		<action>ActivateWindow(Programs,"plugin://plugin.program.super.favourites/?label=Greek&amp;mode=400&amp;path=special%3A%2F%2Fhome%2Fuserdata%2Faddon_data%2Fservice.gkobu.updater%2Ffolders%5CSuper+Favourites%5CGreek&amp;image=special%3A%2F%2Fhome%2Faddons%5Cplugin.video.AliveGR%5Cicon.png&amp;fanart=special%3A%2F%2Fhome%2Faddons%5Cplugin.video.AliveGR%5Cfanart.jpg&amp;content_type=",return)</action>
	</shortcut>
	<shortcut>
		<defaultID>service.gkobu.updater.Children's Programmes</defaultID>
		<label>29958</label>
		<label2>Custom item</label2>
		<icon>DefaultShortcut.png</icon>
		<thumb>special://home/userdata/media/backgrounds/kids.jpg</thumb>
		<action>ActivateWindow(Programs,"plugin://plugin.program.super.favourites/?label=Kids&amp;mode=400&amp;path=special%3A%2F%2Fhome%2Fuserdata%2Faddon_data%2Fservice.gkobu.updater%2Ffolders%5CSuper+Favourites%5CKids&amp;image=http%3A%2F%2Fstephen-builds.uk%2Fart%2Fkids%2520movies%25201.png&amp;fanart=http%3A%2F%2Fstephen-builds.uk%2Fart%2F20839702_10207884860798337_363786087_o.jpg&amp;content_type=",return)</action>
	</shortcut>
	<shortcut>
		<defaultID>service.gkobu.updater.Documentary</defaultID>
		<label>29969</label>
		<label2>Custom item</label2>
		<icon>DefaultShortcut.png</icon>
		<thumb>special://home/userdata/media/backgrounds/documentary.jpg</thumb>
		<action>ActivateWindow(Programs,"plugin://plugin.program.super.favourites/?label=Documentaries&amp;mode=400&amp;path=special%3A%2F%2Fhome%2Fuserdata%2Faddon_data%2Fservice.gkobu.updater%2Ffolders%5CSuper+Favourites%5CDocumentaries&amp;image=special%3A%2F%2Fhome%2Faddons%5Cresource.images.alivegr.artwork%5Cresources%5Calivegr%5Cdocumentaries%2Balivegr.png&amp;fanart=special%3A%2F%2Fhome%2Faddons%5Cplugin.video.AliveGR%5Cfanart.jpg&amp;content_type=",return)</action>
	</shortcut>
	<shortcut>
		<defaultID>service.gkobu.updater.worldtv</defaultID>
		<label>WorldTV</label>
		<label2>Custom item</label2>
		<icon>special://skin/extras/icons/Favorites.png</icon>
		<thumb>special://home/userdata/media/backgrounds/worldtv.jpg</thumb>
		<action>ActivateWindow(Programs,"plugin://plugin.program.super.favourites/?label=WorldTV&amp;mode=400&amp;path=special%3A%2F%2Fhome%2Fuserdata%2Faddon_data%2Fservice.gkobu.updater%2Ffolders%5CSuper+Favourites%5CWorldTV&amp;image=special%3A%2F%2Fhome%2Faddons%2Fplugin.video.tvone1%2Ficon.png&amp;fanart=special://home/addons%5Cplugin.program.super.favourites%5Cfanart.jpg&amp;content_type=",return)</action>
	</shortcut>
	<shortcut>
		<defaultID>service.gkobu.updater.24001</defaultID>
		<label>24001</label>
		<label2>Common menu item</label2>
		<icon>special://skin/extras/icons/addons.png</icon>
		<thumb>special://home/userdata/media/backgrounds/addons.jpg</thumb>
		<action>ActivateWindow(AddonBrowser)</action>
	</shortcut>
	<shortcut>
		<defaultID>service.gkobu.updater.plugin.program.G.K.N.Wizard</defaultID>
		<label>Wizard</label>
		<label2>Εφαρμογή</label2>
		<icon>DefaultShortcut.png</icon>
		<thumb>special://home/userdata/media/backgrounds/wizard.jpg</thumb>
		<action>ActivateWindow(Programs,"plugin://plugin.program.G.K.N.Wizard",return)</action>
	</shortcut>
	<shortcut>
		<defaultID>service.gkobu.updater.13000</defaultID>
		<label>13000</label>
		<label2>Ρυθμίσεις</label2>
		<icon>special://skin/extras/icons/configure.png</icon>
		<thumb>special://home/userdata/media/backgrounds/settings.jpg</thumb>
		<action>ActivateWindow(Settings)</action>
	</shortcut>
	<shortcut>
		<defaultID>service.gkobu.updater.13009</defaultID>
		<label>13009</label>
		<label2>Εντολή Kodi</label2>
		<icon>special://skin/extras/icons/power.png</icon>
		<thumb>special://home/userdata/media/backgrounds/exit.jpg</thumb>
		<action>ActivateWindow(shutdownmenu)</action>
	</shortcut>
</shortcuts>
