<favourites>
    <favourite name="Ενεργοποίηση πρόσθετων" thumb="special://home/addons/plugin.program.downloader19/resources/media/enable.png">ActivateWindow(10001,&quot;plugin://plugin.program.downloader19/?description&amp;fanart=special://home/addons%5cplugin.program.downloader19%5cfanart.jpg&amp;icon=special%3a%2f%2fhome%2faddons%2fplugin.program.downloader19%2fresources%2fmedia%2fenable.png&amp;mode=28&amp;name=%ce%95%ce%bd%ce%b5%cf%81%ce%b3%ce%bf%cf%80%ce%bf%ce%af%ce%b7%cf%83%ce%b7%20%cf%80%cf%81%cf%8c%cf%83%ce%b8%ce%b5%cf%84%cf%89%ce%bd&amp;name2&amp;url&amp;version&quot;)</favourite>
    <favourite name="Update" thumb="special://home/addons/plugin.program.downloader19/resources/media/update.png">ActivateWindow(10025,"plugin://plugin.program.mypreferences/?content_type&amp;fanart=special://home/addons%5cplugin.program.mypreferences%5cfanart.jpg&amp;image=special%3a%2f%2fhome%2faddons%5cplugin.program.G.K.N.Wizard%2fresources%2fart%2fmaintenance.png&amp;label=Update&amp;mode=400&amp;path=special%3a%2f%2fprofile%2faddon_data%2fplugin.program.mypreferences%5cSuper%20Favourites%5cEX%20-Simple%20Favourites%5cUpdate")</favourite>
    <favourite name="Backup" thumb="special://home/addons/plugin.image.World/resources/media/iloveimg-resized(2)/backup.png">ActivateWindow(10025,"plugin://plugin.program.mypreferences/?content_type=video&amp;fanart=special://home/addons%5cplugin.program.mypreferences%5cfanart.jpg&amp;image=special%3a%2f%2fhome%2faddons%5cplugin.program.G.K.N.Wizard%5cresources%5cart%5cmaintenance.png&amp;label=Backup&amp;mode=400&amp;path=special%3a%2f%2fprofile%2faddon_data%2fplugin.program.mypreferences%5cSuper%20Favourites%5cEX%20-Simple%20Favourites%5cBackup",return)</favourite>
    <favourite name="AdvancedSettings" thumb="special://home/addons/plugin.image.World/resources/media/iloveimg-resized(2)/QuickConfigureAdvancedSettings.png">RunScript("special://home/addons/plugin.program.downloaderstartup/PY/AdvancedSettings.py")</favourite>
    <favourite name="Skin Switcher" thumb="special://home/addons/script.skinswitcher/icon.png">ActivateWindow(10001,"plugin://script.skinswitcher/")</favourite>
    <favourite name="Builds" thumb="special://home/addons/plugin.program.G.K.N.Wizard/resources/art/builds.png">ActivateWindow(10001,"plugin://plugin.program.G.K.N.Wizard/?mode=builds")</favourite>
    <favourite name="System Information" thumb="special://home/addons/plugin.image.World/resources/media/iloveimg-resized(2)/SysInfo.png">ActivateWindow(10001,"plugin://plugin.program.G.K.N.Wizard/?mode=systeminfo")</favourite>
    <favourite name="Keymap Editor" thumb="special://home/addons/plugin.image.World/resources/media/addonset foto/Keymap.png">ActivateWindow(10001,"plugin://script.keymap")</favourite>
</favourites>
