<favourites>
    <favourite name="[COLOR white]Movies[/COLOR] [COLOR red]Homelander[/COLOR]" filetype="folder" thumb="special://home/addons/plugin.image.World/resources/media/iloveimg-resized(2)/Homelander.png">plugin://plugin.video.homelander/?action=movieNavigator</favourite>
    <favourite name="[COLOR aqua]Movies[/COLOR] Alvin" filetype="folder" thumb="special://home/addons/plugin.image.World/resources/media/iloveimg-resized(2)/alvin.png">plugin://plugin.video.alvin/?action=movieNavigator</favourite>
    <favourite name="[COLOR aqua]Movies[/COLOR] Sealteam6" filetype="folder" thumb="special://home/addons/plugin.image.World/resources/media/iloveimg-resized(2)/sealteam6.png">plugin://plugin.video.sealteam6/?action=movieNavigator</favourite>
    <favourite name="[COLOR white]Movies[/COLOR] [COLORred]THX 1138[/COLOR]" filetype="folder" thumb="special://home/addons/plugin.image.World/resources/media/iloveimg-resized(2)/THX 1138.jpg">plugin://plugin.video.thx/?action=movieNavigator</favourite>
    <favourite name="Ταινίες [COLOR aqua]Moria[/COLOR]" filetype="folder" thumb="special://home/addons/plugin.image.World/resources/media/iloveimg-resized(2)/moria.png">plugin://plugin.video.moria/?action=movieNavigator</favourite>
    <favourite name="[COLOR white]Movies[/COLOR] Quicksilver" filetype="folder" thumb="special://home/addons/plugin.image.World/resources/media/iloveimg-resized(2)/quicksilver.png">plugin://plugin.video.quicksilver/?action=movieNavigator</favourite>
    <favourite name="[COLOR=red]Movies[/COLOR] Absolution" filetype="folder" thumb="special://home/addons/plugin.image.World/resources/media/iloveimg-resized(2)/absolution.png">plugin://plugin.video.absolution/?action=movieNavigator</favourite>
    <favourite name="[COLOR orchid]¤[/COLOR] [B][COLOR white]Movies[/COLOR][/B] TheCrew" filetype="folder" thumb="special://home/addons/plugin.image.World/resources/media/iloveimg-resized(2)/thecrew.png">plugin://plugin.video.thecrew/?action=movieNavigator</favourite>
</favourites>