<?xml version="1.0" encoding="UTF-8" standalone="yes"?>
<addon id="service.World.Build" name="[B][COLOR orange]World Build Service[/COLOR][/B]" version="20.0.14" provider-name="TechNEWSology">
  <requires>
    <import addon="xbmc.python" version="3.0.0"/>
    <import addon="vfs.sftp" />
    <import addon="vfs.rar" />
    <import addon="vfs.libarchive" />
    <import addon="inputstream.rtmp" />
    <import addon="inputstream.adaptive" />
    <import addon="inputstream.ffmpegdirect" />
  </requires>
  <extension point="xbmc.python.script" library="addon.py">
    <provides>executable</provides>
  </extension>
  <extension point="xbmc.addon.metadata">
    <platform>all</platform>
    <summary lang="en">World Build Service</summary>
    <description lang="en">World Build Service</description>
    <disclaimer>TechNEWSology World Service</disclaimer>
        <assets>
            <icon>icon.png</icon>
            <fanart>fanart.jpg</fanart>
        </assets>
  </extension>
</addon>
