<?xml version="1.0" encoding="UTF-8" standalone="yes"?>
<addon id="script.module.pvr-gen" name="[B][COLOR yellow]ZTEU PVR[/COLOR][/B] gen PLUS" version="1.0.7" provider-name="ZTEU Team">
	<requires>
		<import addon="xbmc.python" version="3.0.0"/>
		<import addon="script.module.requests"  />
		<import addon="script.module.simplejson"  />
	</requires>
	<extension point="xbmc.python.script" library="default.py">
		<provides>executable</provides>
	</extension>
	<extension library="lib" point="xbmc.python.module" />
	<extension point="xbmc.addon.metadata">
		<summary lang="en_GB">PVR gen</summary>
		<summary lang="hr_HR">Instalacija PVR -a i podešavanje lista</summary>
		<language></language>
		<platform>all</platform>
	 <summary lang="hr">ZTRU PVR gen PLUS... radi samo uz VIDEO ZD PLUS addon</summary>
    <description lang="hr">Ovaj dodatak je samo za ZTEU PLUS korisnike uz autentifikaciju u VIDEO ZD PLUS addonu, i radi na Kodi verziji 19 i više..</description>
	<assets>
      <icon>icon_image.png</icon>
    </assets>
	</extension>
</addon>
