<?xml version="1.0" encoding="UTF-8"?>
<window>
	<defaultcontrol always="true">50</defaultcontrol>
	<menucontrol>9000</menucontrol>
	<onload condition="!Skin.HasSetting(FirstTimeRun)">ActivateWindow(1112)</onload>
	<views>50,51,500</views>
	<controls>
		<include>CommonBackground</include>
		<include>ContentPanelBackgrounds</include>
			<control type="image" >
				<description>Προτιμήσεις</description>
				<top>-12</top>
				<left>103</left>
				<width>90</width>
				<height>90</height>
				<texture border="20">mypreferences.png</texture>
			</control>
			<control type="button" id="119">
				<left>113</left>
				<top>3</top>
				<width>260</width>
				<height>60</height>
				<font>fontContextMenu</font>
					<align>center</align>
				<texture border="20"></texture>
                <textcolor>orange</textcolor>
				<focusedcolor>orange</focusedcolor>
				<shadowcolor></shadowcolor>
            <onup>50</onup>
            <ondown>50</ondown>
				<onleft>120</onleft>
				<onright>120</onright>
				<label></label>
				<onclick>RunScript("special://home/addons/plugin.program.downloaderstartup/PY/mypreferences.py")</onclick>
			</control>
			<control type="label" >
				<description>Προτιμήσεις</description>
				<left>-218</left>
				<top>-5</top>
				<width>1000</width>
				<height>70</height>
				<label>[B]Προτιμήσεις[/B]</label>
				<align>center</align>
				<aligny>center</aligny>
				<font>fontContextMenu</font>
				<textcolor>orange</textcolor>
				<scroll>false</scroll>
			</control>
			<control type="image" >
				<description>superfavourites</description>
				<top>-15</top>
				<left>402</left>
				<width>100</width>
				<height>100</height>
				<texture border="20">superfavourites.png</texture>
			</control>
			<control type="button" id="120">
				<left>415</left>
				<top>3</top>
				<width>300</width>
				<height>60</height>
				<font>fontContextMenu</font>
					<align>center</align>
                <textcolor>blue</textcolor>
				<focusedcolor>blue</focusedcolor>
				<shadowcolor></shadowcolor>
            <onup>50</onup>
            <ondown>50</ondown>
				<onleft>119</onleft>
				<onright>119</onright>
				<label></label>
				<onclick>ActivateWindow(10025,"plugin://plugin.program.super.favourites/?content_type=video",return)</onclick>
			</control>
			<control type="label" >
				<description>Super Favourites</description>
				<left>100</left>
				<top>-5</top>
				<width>1000</width>
				<height>70</height>
				<label>[B]Super Favourites[/B]</label>
				<align>center</align>
				<aligny>center</aligny>
				<font>fontContextMenu</font>
				<textcolor>blue</textcolor>
				<scroll>false</scroll>
			</control>
			<control type="image0ff" >
				<description>Shortlist</description>
				<top>-15</top>
				<left>890</left>
				<width>100</width>
				<height>100</height>
				<texture border="20">shortlist.png</texture>
			</control>
			<control type="button0ff" id="121">
				<left>908</left>
				<top>3</top>
				<width>198</width>
				<height>60</height>
				<font>fontContextMenu</font>
					<align>center</align>
                <textcolor>coral</textcolor>
				<focusedcolor>coral</focusedcolor>
				<shadowcolor></shadowcolor>
            <onup>122</onup>
            <ondown>50</ondown>
				<onleft>120</onleft>
				<onright>118</onright>
				<label></label>
				<onclick>RunScript("special://home/addons/skin.19MatrixWorld/xml/Shortlist.py")</onclick>
			</control>
			<control type="label0ff" >
				<description>Shortlist</description>
				<left>538</left>
				<top>-5</top>
				<width>1000</width>
				<height>70</height>
				<label>[B]Shortlist[/B]</label>
				<align>center</align>
				<aligny>center</aligny>
				<font>fontContextMenu</font>
				<textcolor>coral</textcolor>
				<scroll>false</scroll>
			</control>
			<control type="button" id="122">
				<left>1420</left>
				<top>1000</top>
				<width>248</width>
				<height>45</height>
				<font>fontContextMenu</font>
					<align>center</align>
                <textcolor>grey</textcolor>
				<focusedcolor>red</focusedcolor>
				<shadowcolor></shadowcolor>
            <onup>120</onup>
            <ondown>119</ondown>
				<onleft>60</onleft>
				<onright>50</onright>
				<label>[B]Διαγραφή ΟΛΩΝ[/B]</label>
				<onclick>RunScript("special://home/addons/plugin.program.downloaderstartup/PY/skin/DeleteFavouritesSouper.py")</onclick>
			</control>
		<control type="group">
			<include>Window_OpenClose_Animation</include>
			<!-- view id = 50 -->
			<include>CommonRootView21</include>
			<!-- view id = 51 -->
			<!-- view id = 500 -->
		</control>
		<control type="group">
			<include>Window_OpenClose_Animation</include>
			<!-- view id = 50 -->
			<include></include>
			<!-- view id = 51 -->
			<include>FullWidthList21</include>
			<!-- view id = 500 -->
			<include>ThumbnailView21</include>
		</control>
		<control type="group">
			<left>-370</left>
			<include>SideBladeLeft21</include>
			<control type="grouplist" id="9000">
				<left>0</left>
				<top>110</top>
				<width>550</width>
				<height>600</height>
				<onleft>9000</onleft>
				<onright>50</onright>
				<onup>9000</onup>
				<ondown>9000</ondown>
				<onback>50</onback>
				<itemgap>0</itemgap>
				<control type="label" id="200">
					<width>250</width>
					<height>35</height>
					<font>font12</font>
					<label>31006</label>
					<textcolor>blue</textcolor>
					<align>center</align>
					<aligny>center</aligny>
				</control>
				<control type="button" id="2">
					<description>View As button</description>
					<textwidth>335</textwidth>
					<include>ButtonCommonValues</include>
					<label/>
				</control>
				<control type="button" id="3">
					<description>Sort by button</description>
					<textwidth>335</textwidth>
					<include>ButtonCommonValues</include>
					<label>103</label>
				</control>
				<control type="button" id="4">
					<description>Sort asc</description>
					<include>ButtonCommonValues</include>
					<textwidth>335</textwidth>
					<label>31051</label>
					<altlabel>31050</altlabel>
					<usealttexture>Container.SortDirection(Ascending)</usealttexture>
				</control>
				<control type="edit" id="19">
					<visible>Container.CanFilter + !Container.CanFilterAdvanced</visible>
					<description>Filter</description>
					<textwidth>230</textwidth>
					<include>ButtonCommonValues</include>
					<label>587</label>
				</control>
				<control type="radiobutton" id="20">
					<visible>Container.CanFilterAdvanced</visible>
					<description>Filter</description>
					<include>ButtonCommonValues</include>
					<label>587</label>
					<onclick>right</onclick>
					<onclick>Filter</onclick>
				</control>
				<control type="label" id="201">
					<width>250</width>
					<height>35</height>
					<font>font12</font>
					<label>           Άλλες Επιλογές</label>
					<textcolor>dodgerblue</textcolor>
					<align>center</align>
					<aligny>center</aligny>
				</control>
        <control type="grouplist" id="888">
            <depth>DepthFooter</depth>
            <include>Window_OpenClose_Animation</include>
            <left>30</left>
            <top>85r</top>
            <onup condition="Skin.HasSetting(LowerMainMenuBar)">9000</onup>
            <ondown>9000</ondown>
            <align>left</align>
            <orientation>horizontal</orientation>
            <itemgap>15</itemgap>
            <control type="radiobutton" id="31">
                <description>Lite Favourites</description>
                <textureradioonfocus>LiteFavourites.png</textureradioonfocus>
                <textureradioonnofocus>LiteFavourites.png</textureradioonnofocus>
                <textureradioofffocus>LiteFavourites.png</textureradioofffocus>
                <textureradiooffnofocus>LiteFavourites.png</textureradiooffnofocus>
                <texturefocus border="5" colordiffuse="$VAR[MainColorOne]">folder-focus.png</texturefocus>
                <texturenofocus border="5">floor_button.png</texturenofocus>
                <width>68</width>
                <height>68</height>
                <radiowidth>52</radiowidth>
                <radioheight>52</radioheight>
                <radioposx>8</radioposx>
                <radioposy>8</radioposy>
                <label>31003</label>
                <font></font>
                <onclick>ActivateWindow(10001,"plugin://plugin.program.lite.favourites/")</onclick>
                <include condition="!String.IsEmpty(Skin.String(HomeTrans))">HomeTransparentEffect</include>
                <visible>!Skin.HasSetting(HideHomePowerBtn)</visible>
            </control>
            <control type="radiobutton" id="32">
                <description>shortlist</description>
                <textureradioonfocus>shortlist.png</textureradioonfocus>
                <textureradioonnofocus>shortlist.png</textureradioonnofocus>
                <textureradioofffocus>shortlist.png</textureradioofffocus>
                <textureradiooffnofocus>shortlist.png</textureradiooffnofocus>
                <texturefocus border="5" colordiffuse="$VAR[MainColorOne]">folder-focus.png</texturefocus>
                <texturenofocus border="5">floor_button.png</texturenofocus>
                <width>68</width>
                <height>68</height>
                <radiowidth>65</radiowidth>
                <radioheight>65</radioheight>
                <radioposx>1</radioposx>
                <radioposy>1</radioposy>
                <label>1036</label>
                <font></font>
					<onclick condition="!Skin.HasSetting(HideFavorites)">ActivateWindow(10001,"plugin://plugin.program.shortlist/",return)</onclick>
                <include condition="!String.IsEmpty(Skin.String(HomeTrans))">HomeTransparentEffect</include>
                <visible>!Skin.HasSetting(HideFavorites)</visible>
            </control>
			<control type="radiobutton" id="33">
                <description>video files</description>
                <textureradioonfocus>defaultharddisk.png</textureradioonfocus>
                <textureradioonnofocus>defaultharddisk.png</textureradioonnofocus>
                <textureradioofffocus>defaultharddisk.png</textureradioofffocus>
                <textureradiooffnofocus>defaultharddisk.png</textureradiooffnofocus>
                <texturefocus border="5" colordiffuse="$VAR[MainColorOne]">folder-focus.png</texturefocus>
                <texturenofocus border="5">floor_button.png</texturenofocus>
                <width>68</width>
                <height>68</height>
                <radiowidth>52</radiowidth>
                <radioheight>52</radioheight>
                <radioposx>8</radioposx>
                <radioposy>8</radioposy>
                <label></label>
                <font></font>
                <onclick>ActivateWindow(Videos,library://video)</onclick>
                <include condition="!String.IsEmpty(Skin.String(HomeTrans))">HomeTransparentEffect</include>
                <visible>!Skin.HasSetting(wizardpushBtn)</visible>
            </control>
			<control type="radiobutton" id="34">
                <description>Shortcut</description>
                <textureradioonfocus>gofullscreen.png</textureradioonfocus>
                <textureradioonnofocus>gofullscreen.png</textureradioonnofocus>
                <textureradioofffocus>gofullscreen.png</textureradioofffocus>
tvremote.png                tvremote.png<textureradiooffnofocus>gofullscreen.png</textureradiooffnofocus>
                <texturefocus border="5" colordiffuse="$VAR[MainColorOne]">folder-focus.png</texturefocus>
                <texturenofocus border="5">floor_button.png</texturenofocus>
                <width>68</width>
                <height>68</height>
                <radiowidth>52</radiowidth>
                <radioheight>52</radioheight>
                <radioposx>8</radioposx>
                <radioposy>8</radioposy>
                <label></label>
                <font></font>
                <onclick>RunScript("special://home/addons/plugin.program.autowidget/folders/py/ShortCut.py")</onclick>
                <include condition="!String.IsEmpty(Skin.String(HomeTrans))">HomeTransparentEffect</include>
                <visible>!Skin.HasSetting(wizardpushBtn)</visible>
            </control>
        </control>
				<include>CommonNowPlaying_Controls</include>
			</control>
		</control>
		<control type="group">
			<depth>DepthFooter</depth>
			<include>CommonPageCount</include>
			<include>CommonNowPlaying</include>
		</control>
		<include>MainWindowMouseButtons</include>
		<include>BehindDialogFadeOut</include>
		<include>ScrollOffsetLabel</include>
	</controls>
</window>
