<?xml version="1.0" encoding="UTF-8"?>
<addon id="plugin.program.simple.favourites"
       version="0.1.19a"
       name="Simple Favourites"
       provider-name="primaeval">
    <requires>
        <import addon="xbmc.python" version="3.0.0"/>
        <import addon="script.module.xbmcswift2"/>
        <import addon="script.module.requests"/>
    </requires>
    <extension point="xbmc.python.pluginsource" library="main.py">
        <provides>executable</provides>
    </extension>
    <extension point="kodi.context.item">
        <menu id="kodi.core.main">

            <item library="add_item_context.py">
                <label>Add to simple favorites</label>
                <visible>flase</visible>
            </item>

        </menu>
    </extension>
    <extension point="xbmc.addon.metadata">
        <summary lang="en">Simple Favourites</summary>
        <description lang="en"/>
        <disclaimer lang="en"></disclaimer>
    <assets>
      <icon>icon.png</icon>
    </assets>
    </extension>
</addon>

