<favourites>
    <favourite name="[COLOR white]TV Shows[/COLOR] [COLOR red]Homelander[/COLOR]" filetype="folder" thumb="special://home/addons/plugin.image.World/resources/media/iloveimg-resized(2)/Homelander.png">plugin://plugin.video.homelander/?action=tvNavigator</favourite>
    <favourite name="[COLOR aqua]TV Shows[/COLOR] Alvin" filetype="folder" thumb="special://home/addons/plugin.image.World/resources/media/iloveimg-resized(2)/alvin.png">plugin://plugin.video.alvin/?action=tvNavigator</favourite>
    <favourite name="[COLOR aqua]TV Shows[/COLOR] Sealteam6" filetype="folder" thumb="special://home/addons/plugin.image.World/resources/media/iloveimg-resized(2)/sealteam6.png">plugin://plugin.video.sealteam6/?action=tvNavigator</favourite>
    <favourite name="[COLOR white]TV Shows[/COLOR] [COLORred]THX 1138[/COLOR]" filetype="folder" thumb="special://home/addons/plugin.image.World/resources/media/iloveimg-resized(2)/THX 1138.jpg">plugin://plugin.video.thx/?action=tvNavigator</favourite>
    <favourite name="Σειρές [COLOR aqua]Moria[/COLOR]" filetype="folder" thumb="special://home/addons/plugin.image.World/resources/media/iloveimg-resized(2)/moria.png">plugin://plugin.video.moria/?action=tvNavigator</favourite>
    <favourite name="Σειρές [COLORff8cc63f]9 [COLORffd9f8b2]LIVES[/COLOR]" filetype="folder" thumb="special://home/addons/plugin.image.World/resources/media/iloveimg-resized(2)/9 Lives.jpg">plugin://plugin.video.nine/?action=tvNavigator</favourite>
    <favourite name="[COLOR white]TV Shows[/COLOR] Quicksilver" filetype="folder" thumb="special://home/addons/plugin.image.World/resources/media/iloveimg-resized(2)/quicksilver.png">plugin://plugin.video.quicksilver/?action=tvNavigator</favourite>
    <favourite name="[COLOR=darkorange]TV Shows[/COLOR] Shazam" filetype="folder" thumb="special://home/addons/plugin.image.World/resources/media/iloveimg-resized(2)/shazam.jpg">plugin://plugin.video.shazam/?action=tvNavigator</favourite>
    <favourite name="[COLOR=red]TV Shows[/COLOR] Absolution" filetype="folder" thumb="special://home/addons/plugin.image.World/resources/media/iloveimg-resized(2)/absolution.png">plugin://plugin.video.absolution/?action=tvNavigator</favourite>
    <favourite name="[COLOR orchid]¤[/COLOR] [B][COLOR white]TV Shows The Crew[/COLOR][/B]" filetype="folder" thumb="special://home/addons/plugin.image.World/resources/media/iloveimg-resized(2)/thecrew.png">plugin://plugin.video.thecrew/?action=tvNavigator</favourite>
</favourites>