<?xml version="1.0" encoding="UTF-8" standalone="yes"?>
<addon id="plugin.video.rumble" name="Rumble" version="1.3.2" provider-name="azzy9">
	<requires>
		<import addon="script.module.simplejson"/>
		<import addon="script.module.requests"/>
		<import addon="script.module.six"/>
	</requires>
	<extension point="xbmc.python.pluginsource" library="main.py">
		<provides>video</provides>
	</extension>
	<extension point="xbmc.addon.metadata">
		<summary lang="en">Watch rumble videos.</summary>
		<summary lang="pt_br">Assista videos do rumble.</summary>
		<description lang="en">Watch uncensored videos with rumble.</description>
		<description lang="pt_br">Asssista videos sem censura com o rumble.</description>
		<disclaimer lang="en">We are not associated with rumble.com or the Kodi Team</disclaimer>
		<disclaimer lang="pt_br">Não somos associados à rumble.com nem com o Kodi Team</disclaimer>
		<website>https://github.com/azzy9/plugin.video.rumble</website>
		<platform>all</platform>
		<assets>
			<icon>icon.png</icon>
			<fanart>fanart.jpg</fanart>
		</assets>
		<news>- v1.3.2 - add queue context menu
- v1.3.1 - add ability to use HTTP for streams
- v1.3.0 - fix listitem deprecated warnings
  - Clean up code some more
  - Move login features into own class
  - change how cookie are handled
  - remove language option
  - add date format option</news>
	</extension>
</addon>
