<favourites>
    <favourite name="[B][COLOR white]NBA[/COLOR][/B]" thumb="special://home/addons\plugin.video.myiptv\resources\icons\livetv.png">ActivateWindow(10025,&quot;plugin://plugin.video.myiptv/?description=Live%20Categories&amp;iconimage=special://home/addons%5cplugin.video.myiptv%5cresources%5cicons%5clivetv.png&amp;mode=23&amp;name=%5bB%5d%5bCOLOR%20white%5dNBA%5b%2fCOLOR%5d%5b%2fB%5d&amp;url=eJzLKCkpsNLXT8xLzM7PS0ksKdOrqKyysjCuMTI3NrcwsDSvsTQ3M7I0NTSpMTIyAgBvww4e&amp;xtra&quot;,return)</favourite>
    <favourite name="[B][COLOR white]NBA[/COLOR][/B]" thumb="special://home/addons\plugin.video.myiptv\resources\icons\livetv.png">ActivateWindow(10025,&quot;plugin://plugin.video.myiptv/?description=Live%20Categories&amp;iconimage=special://home/addons%5cplugin.video.myiptv%5cresources%5cicons%5clivetv.png&amp;mode=23&amp;name=%5bB%5d%5bCOLOR%20white%5dNBA%5b%2fCOLOR%5d%5b%2fB%5d&amp;url=eJzLKCkpsNLXT8xLzM7PS0ksKdOrqKyysjCuccytNDQyNqkxMzY1MDE0srQwrzEyMgIAh6oOxg%3d%3d&amp;xtra&quot;,return)</favourite>
    <favourite name="[B][COLOR white]NBA[/COLOR][/B]" thumb="special://home/addons\plugin.video.myiptv\resources\icons\livetv.png">ActivateWindow(10025,&quot;plugin://plugin.video.myiptv/?description=Live%20Categories&amp;iconimage=special://home/addons%5cplugin.video.myiptv%5cresources%5cicons%5clivetv.png&amp;mode=23&amp;name=%5bB%5d%5bCOLOR%20white%5dNBA%5b%2fCOLOR%5d%5b%2fB%5d&amp;url=eJzLKCkpsNLXT8xLzM7PS0ksKdOrqKyysjCu8crPTPVNTEqszDeqMTUyNDOwNLYwN6kxMjICANyFEOc%3d&amp;xtra&quot;,return)</favourite>
    <favourite name="[B][COLOR white]NBA[/COLOR][/B]" thumb="special://home/addons\plugin.video.myiptv\resources\icons\livetv.png">ActivateWindow(10025,&quot;plugin://plugin.video.myiptv/?description=Live%20Categories&amp;iconimage=special://home/addons%5cplugin.video.myiptv%5cresources%5cicons%5clivetv.png&amp;mode=23&amp;name=%5bB%5d%5bCOLOR%20white%5dNBA%5b%2fCOLOR%5d%5b%2fB%5d&amp;url=eJzLKCkpsNLXT8xLzM7PS0ksKdOrqKyysjCu8c0sLsnMyC9PzcmpMTA0sjSxMDY3M60xMjICAOYdEWY%3d&amp;xtra&quot;,return)</favourite>
    <favourite name="[B][COLOR white]NBA[/COLOR][/B]" thumb="special://home/addons\plugin.video.myiptv\resources\icons\livetv.png">ActivateWindow(10025,&quot;plugin://plugin.video.myiptv/?description=Live%20Categories&amp;iconimage=special://home/addons%5cplugin.video.myiptv%5cresources%5cicons%5clivetv.png&amp;mode=23&amp;name=%5bB%5d%5bCOLOR%20white%5dNBA%5b%2fCOLOR%5d%5b%2fB%5d&amp;url=eJzLKCkpsNLXT8xLzM7PS0ksKdOrqKyysjCuSS43NTYwrTEzNzU0MDaxtDCqMTIyAgB4Ow58&amp;xtra&quot;,return)</favourite>
    <favourite name="[B][COLOR white]NBA[/COLOR][/B]" thumb="special://home/addons\plugin.video.myiptv\resources\icons\livetv.png">ActivateWindow(10025,&quot;plugin://plugin.video.myiptv/?description=Live%20Categories&amp;iconimage=special://home/addons%5cplugin.video.myiptv%5cresources%5cicons%5clivetv.png&amp;mode=23&amp;name=%5bB%5d%5bCOLOR%20white%5dNBA%5b%2fCOLOR%5d%5b%2fB%5d&amp;url=eJzLKCkpsNLXT8xLzM7PS0ksKdOrqKyysjCuySjKS6kyNTKoqTLNKPYJCC93NKsxMjICALBcEPA%3d&amp;xtra&quot;,return)</favourite>
    <favourite name="[B][COLOR white]NBA[/COLOR][/B]" thumb="special://home/addons\plugin.video.myiptv\resources\icons\livetv.png">ActivateWindow(10025,&quot;plugin://plugin.video.myiptv/?description=Live%20Categories&amp;iconimage=special://home/addons%5cplugin.video.myiptv%5cresources%5cicons%5clivetv.png&amp;mode=23&amp;name=%5bB%5d%5bCOLOR%20white%5dNBA%5b%2fCOLOR%5d%5b%2fB%5d&amp;url=eJzLKCkpsNLXT8xLzM7PS0ksKdOrqKyysjCuyUqsNDKuMTSxNLMwMDI1N64xMjICAG4SDn4%3d&amp;xtra&quot;,return)</favourite>
    <favourite name="[B][COLOR white]NBA[/COLOR][/B]" thumb="special://home/addons\plugin.video.myiptv\resources\icons\livetv.png">ActivateWindow(10025,&quot;plugin://plugin.video.myiptv/?description=Live%20Categories&amp;iconimage=special://home/addons%5cplugin.video.myiptv%5cresources%5cicons%5clivetv.png&amp;mode=23&amp;name=%5bB%5d%5bCOLOR%20white%5dNBA%5b%2fCOLOR%5d%5b%2fB%5d&amp;url=eJzLKCkpsNLXT8xLzM7PS0ksKdOrqKyysjCuKS5JLUstyk9KLSoprjE2M7AwMTW3NDKsMTIyAgD%2fCRH9&amp;xtra&quot;,return)</favourite>
    <favourite name="[B][COLOR white]NBA[/COLOR][/B]" thumb="special://home/addons\plugin.video.myiptv\resources\icons\livetv.png">ActivateWindow(10025,&quot;plugin://plugin.video.myiptv/?description=Live%20Categories&amp;iconimage=special://home/addons%5cplugin.video.myiptv%5cresources%5cicons%5clivetv.png&amp;mode=23&amp;name=%5bB%5d%5bCOLOR%20white%5dNBA%5b%2fCOLOR%5d%5b%2fB%5d&amp;url=eJzLKCkpsNLXT8xLzM7PS0ksKdOrqKyysjCuMTIO8%2fcJ9XWtMTE2tzCyNDA1NKsxMjICAJZxDxI%3d&amp;xtra&quot;,return)</favourite>
    <favourite name="[B][COLOR white]NBA[/COLOR][/B]" thumb="special://home/addons\plugin.video.myiptv\resources\icons\livetv.png">ActivateWindow(10025,&quot;plugin://plugin.video.myiptv/?description=Live%20Categories&amp;iconimage=special://home/addons%5cplugin.video.myiptv%5cresources%5cicons%5clivetv.png&amp;mode=23&amp;name=%5bB%5d%5bCOLOR%20white%5dNBA%5b%2fCOLOR%5d%5b%2fB%5d&amp;url=eJzLKCkpsNLXT8xLzM7PS0ksKdOrqKyysjCusTAwNjWyMLUwATHNzSxNjY0MTWqMjIwAp%2b4O4w%3d%3d&amp;xtra&quot;,return)</favourite>
    <favourite name="[B][COLOR white]NBA[/COLOR][/B]" thumb="special://home/addons\plugin.video.myiptv\resources\icons\livetv.png">ActivateWindow(10025,&quot;plugin://plugin.video.myiptv/?description=Live%20Categories&amp;iconimage=special://home/addons%5cplugin.video.myiptv%5cresources%5cicons%5clivetv.png&amp;mode=23&amp;name=%5bB%5d%5bCOLOR%20white%5dNBA%5b%2fCOLOR%5d%5b%2fB%5d&amp;url=eJzLKCkpsNLXT8xLzM7PS0ksKdOrqKyysjCuccrMyQlLzEstLk6ssTQ2MTU3MzSyMKgxMjICAOETESk%3d&amp;xtra&quot;,return)</favourite>
    <favourite name="[B][COLOR white]NBA[/COLOR][/B]" thumb="special://home/addons\plugin.video.myiptv\resources\icons\livetv.png">ActivateWindow(10025,&quot;plugin://plugin.video.myiptv/?description=Live%20Categories&amp;iconimage=special://home/addons%5cplugin.video.myiptv%5cresources%5cicons%5clivetv.png&amp;mode=23&amp;name=%5bB%5d%5bCOLOR%20white%5dNBA%5b%2fCOLOR%5d%5b%2fB%5d&amp;url=eJzLKCkpsNLXT8xLzM7PS0ksKdOrqKyysjCucSrKTMzLyC9PLEoxN68xsTQwNzYzMrQwrTEyMgIABfMRtA%3d%3d&amp;xtra&quot;,return)</favourite>
    <favourite name="[B][COLOR white]NBA[/COLOR][/B]" thumb="special://home/addons\plugin.video.myiptv\resources\icons\livetv.png">ActivateWindow(10025,&quot;plugin://plugin.video.myiptv/?description=Live%20Categories&amp;iconimage=special://home/addons%5cplugin.video.myiptv%5cresources%5cicons%5clivetv.png&amp;mode=23&amp;name=%5bB%5d%5bCOLOR%20white%5dNBA%5b%2fCOLOR%5d%5b%2fB%5d&amp;url=eJzLKCkpsNLXT8xLzM7PS0ksKdOrqKyysjCucc7PT6k0NjOrsTAxNjezNDI1MKwxMjICAJ9wD3I%3d&amp;xtra&quot;,return)</favourite>
    <favourite name="[B][COLOR white]NBA[/COLOR][/B]" thumb="special://home/addons\plugin.video.myiptv\resources\icons\livetv.png">ActivateWindow(10025,&quot;plugin://plugin.video.myiptv/?description=Live%20Categories&amp;iconimage=special://home/addons%5cplugin.video.myiptv%5cresources%5cicons%5clivetv.png&amp;mode=23&amp;name=%5bB%5d%5bCOLOR%20white%5dNBA%5b%2fCOLOR%5d%5b%2fB%5d&amp;url=eJzLKCkpsNLXT8xLzM7PS0ksKdOrqKyysjCucUksys5LLS6uMTKwMDc1NjQzsawxMjICAKlhEBA%3d&amp;xtra&quot;,return)</favourite>
    <favourite name="[B][COLOR white]NBA[/COLOR][/B]" thumb="special://home/addons\plugin.video.myiptv\resources\icons\livetv.png">ActivateWindow(10025,&quot;plugin://plugin.video.myiptv/?description=Live%20Categories&amp;iconimage=special://home/addons%5cplugin.video.myiptv%5cresources%5cicons%5clivetv.png&amp;mode=23&amp;name=%5bB%5d%5bCOLOR%20white%5dNBA%5b%2fCOLOR%5d%5b%2fB%5d&amp;url=eJzLKCkpsNLXT8xLzM7PS0ksKdOrqKyysjCu8UopTTK0tDSqMTA1M7YwMTQyt6wxMjICAJotDy8%3d&amp;xtra&quot;,return)</favourite>
    <favourite name="[B][COLOR white]NBA[/COLOR][/B]" thumb="special://home/addons\plugin.video.myiptv\resources\icons\livetv.png">ActivateWindow(10025,&quot;plugin://plugin.video.myiptv/?description=Live%20Categories&amp;iconimage=special://home/addons%5cplugin.video.myiptv%5cresources%5cicons%5clivetv.png&amp;mode=23&amp;name=%5bB%5d%5bCOLOR%20white%5dNBA%5b%2fCOLOR%5d%5b%2fB%5d&amp;url=eJzLKCkpsNLXT8xLzM7PS0ksKdOrqKyysjCu8crPyHM0MqwxtTQxN7IwNDM2qDEyMgIAjOgPCA%3d%3d&amp;xtra&quot;,return)</favourite>
    <favourite name="[B][COLOR white]NBA[/COLOR][/B]" thumb="special://home/addons\plugin.video.myiptv\resources\icons\livetv.png">ActivateWindow(10025,&quot;plugin://plugin.video.myiptv/?description=Live%20Categories&amp;iconimage=special://home/addons%5cplugin.video.myiptv%5cresources%5cicons%5clivetv.png&amp;mode=23&amp;name=%5bB%5d%5bCOLOR%20white%5dNBA%5b%2fCOLOR%5d%5b%2fB%5d&amp;url=eJzLKCkpsNLXT8xLzM7PS0ksKdOrqKyysjCu8UlMqSxITKoxMLMwNzW2NDQxqjEyMgIAlc0Pkg%3d%3d&amp;xtra&quot;,return)</favourite>
    <favourite name="[B][COLOR white]NBA[/COLOR][/B]" thumb="special://home/addons\plugin.video.myiptv\resources\icons\livetv.png">ActivateWindow(10025,&quot;plugin://plugin.video.myiptv/?description=Live%20Categories&amp;iconimage=special://home/addons%5cplugin.video.myiptv%5cresources%5cicons%5clivetv.png&amp;mode=23&amp;name=%5bB%5d%5bCOLOR%20white%5dNBA%5b%2fCOLOR%5d%5b%2fB%5d&amp;url=eJzLKCkpsNLXT8xLzM7PS0ksKdOrqKyysjCuSanML81LrzE2NzQ1sTAwsjSrMTIyAgCImA9r&amp;xtra&quot;,return)</favourite>
    <favourite name="[B][COLOR white]NBA[/COLOR][/B]" thumb="special://home/addons\plugin.video.myiptv\resources\icons\livetv.png">ActivateWindow(10025,&quot;plugin://plugin.video.myiptv/?description=Live%20Categories&amp;iconimage=special://home/addons%5cplugin.video.myiptv%5cresources%5cicons%5clivetv.png&amp;mode=23&amp;name=%5bB%5d%5bCOLOR%20white%5dNBA%5b%2fCOLOR%5d%5b%2fB%5d&amp;url=eJzLKCkpsNLXT8xLzM7PS0ksKdOrqKyysjCuyco1MTWrMbA0NzU0NjKzMKkxMjICAGp2Dks%3d&amp;xtra&quot;,return)</favourite>
    <favourite name="[B][COLOR white]NBA[/COLOR][/B]" thumb="special://home/addons\plugin.video.myiptv\resources\icons\livetv.png">ActivateWindow(10025,&quot;plugin://plugin.video.myiptv/?description=Live%20Categories&amp;iconimage=special://home/addons%5cplugin.video.myiptv%5cresources%5cicons%5clivetv.png&amp;mode=23&amp;name=%5bB%5d%5bCOLOR%20white%5dNBA%5b%2fCOLOR%5d%5b%2fB%5d&amp;url=eJzLKCkpsNLXT8xLzM7PS0ksKdOrqKyysjCuKUosyc%2brcfGuMi2KMPJxi6oxMjICAIC1EBI%3d&amp;xtra&quot;,return)</favourite>
</favourites>
