<favourites>
    <favourite name="1_Remote x-treme codes λίστες" thumb="special://home/addons/plugin.program.downloader/resources/icons/iptv.png">ActivateWindow(10001,"plugin://plugin.program.downloader/get_remote_xcodes/https%3A%2F%2Fraw.githubusercontent.com%2Fakeotaseo%2Fworld_repo%2Fmain%2FUpdater_Matrix%2FXML%2Fnetiptv.txt",return)</favourite>
    <favourite name="2_My[COLOR orangered]IPTV[/COLOR]" thumb="special://home/addons/plugin.program.downloader/resources/icons/iptv.png">ActivateWindow(10025,&quot;plugin://plugin.video.myiptv/&quot;,return)</favourite>
    <favourite name="3_Εκκαθάριση μνήμης λειτουργιών" thumb="C:\PortableApps\kodi\My KODI 20\Kodi\portable_data\addons\plugin.program.downloader\resources\icons\iptv.png">ActivateWindow(10001,&quot;plugin://plugin.program.downloader/mac_player_cache_clear&quot;,return)</favourite>
    <favourite name="Λογαριασμός --[COLORlime]Igor221@CzHvf9@@uc[/COLOR]--" thumb="special://home/addons/plugin.video.myiptv/resources/icons/account.png">ActivateWindow(10025,&quot;plugin://plugin.video.myiptv/?description&amp;iconimage=C%3a%5cPortableApps%5ckodi%5cMy%20KODI%2020%5cKodi%5cportable_data%5caddons%5cplugin.video.myiptv%5cresources%5cicons%5caccount.png&amp;mode=acchome&amp;name=%ce%9b%ce%bf%ce%b3%ce%b1%cf%81%ce%b9%ce%b1%cf%83%ce%bc%cf%8c%cf%82%20%cf%83%ce%b5%20%cf%87%cf%81%ce%ae%cf%83%ce%b7%20--%5bCOLORlime%5dIgor221%40CzHvf9%40%40uc%5b%2fCOLOR%5d--&amp;url=http%3a%2f%2fnasi.balkanci.net%3a8080%7cIgor221%40CzHvf9%40%40uc%7c56C-R18Hs!8!&amp;xtra=test_parm&quot;,return)</favourite>
    <favourite name="Λογαριασμός --[COLORlime]Gabriel_Cormus[/COLOR]--" thumb="special://home/addons/plugin.video.myiptv/resources/icons/account.png">ActivateWindow(10025,&quot;plugin://plugin.video.myiptv/?description&amp;iconimage=C%3a%5cPortableApps%5ckodi%5cMy%20KODI%2020%5cKodi%5cportable_data%5caddons%5cplugin.video.myiptv%5cresources%5cicons%5caccount.png&amp;mode=acchome&amp;name=%ce%9b%ce%bf%ce%b3%ce%b1%cf%81%ce%b9%ce%b1%cf%83%ce%bc%cf%8c%cf%82%20%cf%83%ce%b5%20%cf%87%cf%81%ce%ae%cf%83%ce%b7%20--%5bCOLORlime%5dGabriel_Cormus%5b%2fCOLOR%5d--&amp;url=http%3a%2f%2fanamariaprodan.servebeer.com%3a8000%7cGabriel_Cormus%7ckQKUpg2&amp;xtra=test_parm&quot;,return)</favourite>
    <favourite name="Λογαριασμός --[COLORlime]r3bt6CWWO8[/COLOR]--" thumb="special://home/addons/plugin.video.myiptv/resources/icons/account.png">ActivateWindow(10025,&quot;plugin://plugin.video.myiptv/?description&amp;iconimage=C%3a%5cPortableApps%5ckodi%5cMy%20KODI%2020%5cKodi%5cportable_data%5caddons%5cplugin.video.myiptv%5cresources%5cicons%5caccount.png&amp;mode=acchome&amp;name=%ce%9b%ce%bf%ce%b3%ce%b1%cf%81%ce%b9%ce%b1%cf%83%ce%bc%cf%8c%cf%82%20%cf%83%ce%b5%20%cf%87%cf%81%ce%ae%cf%83%ce%b7%20--%5bCOLORlime%5dr3bt6CWWO8%5b%2fCOLOR%5d--&amp;url=http%3a%2f%2fvip.iptveuropetv.com%3a2086%7cr3bt6CWWO8%7cSlTSNhCz6v&amp;xtra=test_parm&quot;,return)</favourite>
    <favourite name="Λογαριασμός --[COLORlime]Dzemil_kalac[/COLOR]--" thumb="special://home/addons/plugin.video.myiptv/resources/icons/account.png">ActivateWindow(10025,&quot;plugin://plugin.video.myiptv/?description&amp;iconimage=C%3a%5cPortableApps%5ckodi%5cMy%20KODI%2020%5cKodi%5cportable_data%5caddons%5cplugin.video.myiptv%5cresources%5cicons%5caccount.png&amp;mode=acchome&amp;name=%ce%9b%ce%bf%ce%b3%ce%b1%cf%81%ce%b9%ce%b1%cf%83%ce%bc%cf%8c%cf%82%20%cf%83%ce%b5%20%cf%87%cf%81%ce%ae%cf%83%ce%b7%20--%5bCOLORlime%5dDzemil_kalac%5b%2fCOLOR%5d--&amp;url=http%3a%2f%2fdobrazabava.com%3a80%7cDzemil_kalac%7cp63crRVWDXZd&amp;xtra=test_parm&quot;,return)</favourite>
</favourites>
