<favourites>
    <favourite name="[B]ESPORTES[/B]">ActivateWindow(10025,&quot;plugin://plugin.video.OnePlay.Matrix/tv_servidor1_abrir/name%3D%255BB%255DESPORTES%255B%252FB%255D%26iconimage%3D%26description%3D%26grupo%3DESPORTES&quot;)</favourite>
    <favourite name="[B]ESPORTES PPV[/B]">ActivateWindow(10025,&quot;plugin://plugin.video.OnePlay.Matrix/tv_servidor1_abrir/name%3D%255BB%255DESPORTES%2BPPV%255B%252FB%255D%26iconimage%3D%26description%3D%26grupo%3DESPORTES%2BPPV&quot;)</favourite>
    <favourite name="[B]PREMIERE[/B]">ActivateWindow(10025,&quot;plugin://plugin.video.OnePlay.Matrix/tv_servidor1_abrir/name%3D%255BB%255DPREMIERE%255B%252FB%255D%26iconimage%3D%26description%3D%26grupo%3DPREMIERE&quot;)</favourite>
    <favourite name="[B][COLOR white]Pluto TV Esportes[/COLOR][/B]" thumb="https://images.pluto.tv/channels/5f32d2db0af67400077f29c4/colorLogoPNG.png">PlayMedia(&quot;plugin://plugin.video.OnePlay.Matrix/play_normal/name%3D%255BB%255D%255BCOLOR%2Bwhite%255DPluto%2BTV%2BEsportes%255B%252FCOLOR%255D%255B%252FB%255D%26number%3D5%26url%3Dhttp%253A%252F%252Fstitcher-ipv4.pluto.tv%252Fv1%252Fstitch%252Fembed%252Fhls%252Fchannel%252F5f32d2db0af67400077f29c4%252Fmaster.m3u8%253FdeviceType%253Dsamsung-tvplus%2526deviceMake%253Dsamsung%2526deviceModel%253Dsamsung%2526deviceVersion%253Dunknown%2526appVersion%253Dunknown%2526deviceLat%253D0%2526deviceLon%253D0%2526deviceDNT%253D%25257BTARGETOPT%25257D%2526deviceId%253D%25257BPSID%25257D%2526advertisingId%253D%25257BPSID%25257D%2526us_privacy%253D1YNY%2526samsung_app_domain%253D%25257BAPP_DOMAIN%25257D%2526samsung_app_name%253D%25257BAPP_NAME%25257D%2526profileLimit%253D%2526profileFloor%253D%2526embedPartner%253Dsamsung-tvplus%26iconimage%3Dhttps%253A%252F%252Fimages.pluto.tv%252Fchannels%252F5f32d2db0af67400077f29c4%252FcolorLogoPNG.png%26fanart%3D%26description%3D%26playable%3Dtrue&quot;)</favourite>
</favourites>
