<favourites>
    <favourite name="[COLORcyan]fenix[COLORgrey]Mac[/COLOR]" thumb="special://home/addons\plugin.video.fenix-mac\icon.png">ActivateWindow(10025,"plugin://plugin.video.fenix-mac/",return)</favourite>
    <favourite name="[COLOR maroon]ÁGUIA[/COLOR] [COLOR gold]BRANCA[/COLOR]" thumb="special://home/addons\plugin.video.aguia-branca\icon.png">ActivateWindow(10025,"plugin://plugin.video.aguia-branca/",return)</favourite>
    <favourite name="[COLOR yellow]ESPADA[COLORgrey]DRAGÃO[/COLOR]" thumb="special://home/addons\plugin.video.espada.dragao\icon.png">ActivateWindow(10025,"plugin://plugin.video.espada.dragao/",return)</favourite>
    <favourite name="[COLORred]Lobo[COLORgrey]espada[/COLOR]" thumb="special://home/addons\plugin.video.loboespada\icon.png">ActivateWindow(10025,"plugin://plugin.video.loboespada/",return)</favourite>
    <favourite name="[COLOR orange]Flash[/COLOR][COLORlime]Brasil[/COLOR]" thumb="special://home/addons\plugin.video.flash.brasil\icon.png">ActivateWindow(10025,"plugin://plugin.video.flash.brasil/",return)</favourite>
    <favourite name="[COLORred]Griffin [COLORwhite]TV[/COLOR]" thumb="special://home/addons\plugin.video.griffin.TV.mac\icon.png">ActivateWindow(10025,"plugin://plugin.video.griffin.TV.mac/",return)</favourite>
    <favourite name="[COLORred]Águia [COLORwhite]Vavoo[/COLOR]" thumb="special://home/addons\plugin.video.aguiavavoo\icon.png">ActivateWindow(10025,"plugin://plugin.video.aguiavavoo/",return)</favourite>
</favourites>