<?xml version="1.0" encoding="UTF-8"?>
<addon id="skin.confluence.je4mK" version="44.7.13w1" name="Confluence Je4M mod Matrix" provider-name="Jezz_X, Team Kodi, GKoBu">
    <requires>
        <import addon="xbmc.gui" version="5.15.0"/>
        <import addon="plugin.program.autocompletion" version="2.0.2" />
    </requires>
    <extension point="xbmc.gui.skin" debugging="false" effectslowdown="1.0">
        <res width="1280" height="720" aspect="16:9" default="true" folder="720p" />
    </extension>
    <extension point="xbmc.addon.metadata">
        <platform>all</platform>
        <license>GNU General Public License version 2</license>
        <forum>https://forum.kodi.tv/forumdisplay.php?fid=125</forum>
        <source>https://github.com/xbmc/skin.confluence</source>
        <assets>
            <icon>resources/icon.png</icon>
            <fanart>resources/fanart.jpg</fanart>
            <screenshot>resources/screenshot-01.jpg</screenshot>
            <screenshot>resources/screenshot-02.jpg</screenshot>
            <screenshot>resources/screenshot-03.jpg</screenshot>
            <screenshot>resources/screenshot-04.jpg</screenshot>
            <screenshot>resources/screenshot-05.jpg</screenshot>
            <screenshot>resources/screenshot-06.jpg</screenshot>
            <screenshot>resources/screenshot-07.jpg</screenshot>
            <screenshot>resources/screenshot-08.jpg</screenshot>
            <screenshot>resources/screenshot-09.jpg</screenshot>
        </assets>
        <news>- Update language files from Transifex.</news>
        <summary lang="el_GR">Το κέλυφος Confluence από τον Jezz_X (προεπιλεγμένο κέλυφος του Kodi).</summary>
        <summary lang="en_GB">Confluence skin by Jezz_X.</summary>
        <description lang="el_GR">Το Confluence είναι η προεπιλεγμένη αμφίεση για τις εκδόσεις Kodi 14.0 και άνω. Είναι ένας συνδυασμός από πολλές δημοφιλής αμφιέσεις, και επιχειρεί να παρέχει τις καλύτερες ιδέες τους σε μία αμφίεση, το οποίο είναι εύκολο για τους αρχάριους χρήστες του Kodi να κατανοήσουν και να χρησιμοποιήσουν.</description>
        <description lang="en_GB">Confluence is a combination of concepts from many popular skins, and attempts to embrace and integrate their good ideas into a skin that should be easy for first time Kodi users to understand and use.</description>
    </extension>
</addon>
