<favourites>
    <favourite name="Ταινίες Blacklodge" filetype="folder" thumb="special://home/addons/plugin.image.World/resources/media/iloveimg-resized(2)/blacklodge.png">plugin://plugin.video.blacklodge/?action=movieNavigator</favourite>
    <favourite name="[COLOR white]Movies[/COLOR] [COLOR red]Homelander[/COLOR]" filetype="folder" thumb="special://home/addons/plugin.image.World/resources/media/iloveimg-resized(2)/Homelander.png">plugin://plugin.video.homelander/?action=movieNavigator</favourite>
    <favourite name="Ταινίες TheLab" filetype="folder" thumb="special://home/addons/plugin.image.World/resources/media/iloveimg-resized(2)/TheLab.png">plugin://plugin.video.thelab/?action=movieNavigator</favourite>
    <favourite name="[COLOR aqua]Movies[/COLOR] Alvin" filetype="folder" thumb="special://home/addons/plugin.image.World/resources/media/iloveimg-resized(2)/alvin.png">plugin://plugin.video.alvin/?action=movieNavigator</favourite>
    <favourite name="[COLOR aqua]Movies[/COLOR] Sealteam6" filetype="folder" thumb="special://home/addons/plugin.image.World/resources/media/iloveimg-resized(2)/sealteam6.png">plugin://plugin.video.sealteam6/?action=movieNavigator</favourite>
    <favourite name="[B]Movies[/B] TheThunder" filetype="folder" thumb="special://home/addons/plugin.image.World/resources/media/iloveimg-resized(2)/thethunder.png">plugin://plugin.video.thethunder/?action=movies&iconimage=special://home/addons%5cplugin.video.thethunder%5cresources%5cmedia%5cmovies.png&mediatype=video&name=%5bB%5dMovies%5b%2fB%5d</favourite>
    <favourite name="Movies Nightwing" filetype="folder" thumb="special://home/addons/plugin.image.World/resources/media/iloveimg-resized(2)/nightwing.png">plugin://plugin.video.nightwing/?action=movieNavigator</favourite>
    <favourite name="[COLOR orchid]¤[/COLOR] [B][COLOR white]Movies[/COLOR][/B] TheCrew" filetype="folder" thumb="special://home/addons/plugin.image.World/resources/media/iloveimg-resized(2)/thecrew.png">plugin://plugin.video.thecrew/?action=movieNavigator</favourite>
    <favourite name="[COLOR white]Movies[/COLOR] [COLORred]THX 1138[/COLOR]" filetype="folder" thumb="special://home/addons/plugin.image.World/resources/media/iloveimg-resized(2)/THX 1138.jpg">plugin://plugin.video.thx/?action=movieNavigator</favourite>
    <favourite name="Ταινίες [COLOR aqua]Moria[/COLOR]" filetype="folder" thumb="special://home/addons/plugin.image.World/resources/media/iloveimg-resized(2)/moria.png">plugin://plugin.video.moria/?action=movieNavigator</favourite>
    <favourite name="Ταινίες [COLORff8cc63f]9 [COLORffd9f8b2]LIVES[/COLOR]" filetype="folder" thumb="special://home/addons/plugin.image.World/resources/media/iloveimg-resized(2)/9 Lives.jpg">plugin://plugin.video.nine/?action=movieNavigator</favourite>
    <favourite name="[COLOR white]Movies[/COLOR] Quicksilver" filetype="folder" thumb="special://home/addons/plugin.image.World/resources/media/iloveimg-resized(2)/quicksilver.png">plugin://plugin.video.quicksilver/?action=movieNavigator</favourite>
    <favourite name="[COLOR=darkorange]Movies[/COLOR] Shazam" filetype="folder" thumb="special://home/addons/plugin.image.World/resources/media/iloveimg-resized(2)/shazam.jpg">plugin://plugin.video.shazam/?action=movieNavigator</favourite>
    <favourite name="[COLOR=red]Movies[/COLOR] Absolution" filetype="folder" thumb="special://home/addons/plugin.image.World/resources/media/iloveimg-resized(2)/absolution.png">plugin://plugin.video.absolution/?action=movieNavigator</favourite>
</favourites>