<favourites>
    <favourite name="Ενεργοποίηση πρόσθετων" thumb="special://home/addons/plugin.program.downloader19/resources/media/enable.png">ActivateWindow(10001,&quot;plugin://plugin.program.downloader19/?description&amp;fanart=C%3a%5cPortableApps%5ckodi%5ckodi%20World%2020%5cKodi%5cportable_data%5caddons%5cplugin.program.downloader19%5cfanart.jpg&amp;icon=special%3a%2f%2fhome%2faddons%2fplugin.program.downloader19%2fresources%2fmedia%2fenable.png&amp;mode=28&amp;name=%ce%95%ce%bd%ce%b5%cf%81%ce%b3%ce%bf%cf%80%ce%bf%ce%af%ce%b7%cf%83%ce%b7%20%cf%80%cf%81%cf%8c%cf%83%ce%b8%ce%b5%cf%84%cf%89%ce%bd&amp;name2&amp;url&amp;version&quot;)</favourite>
    <favourite name="Update" thumb="special://home/addons/plugin.program.downloader19/resources/media/update.png">ActivateWindow(10001,&quot;plugin://plugin.program.simple.favourites/index_of/special%3A%2F%2Fhome%2Faddons%2Fplugin.program.simple.favourites%2Ffolders%2FUpdate%2F&quot;)</favourite>
    <favourite name="Quick Configure AdvancedSettings" thumb="special://home/addons/plugin.program.G.K.N.Wizard/resources/art/maintenance.png">PlayMedia(&quot;plugin://plugin.program.G.K.N.Wizard/?mode=autoadvanced&quot;)</favourite>
    <favourite name="Backup" thumb="special://home/addons/plugin.image.World/resources/media/iloveimg-resized(2)/backup.png">ActivateWindow(10001,&quot;plugin://plugin.program.simple.favourites/index_of/special%3A%2F%2Fhome%2Faddons%2Fplugin.program.simple.favourites%2Ffolders%2FBackup%2F&quot;)</favourite>
    <favourite name="Skin Switcher" thumb="special://home/addons/script.skinswitcher/icon.png">ActivateWindow(10001,"plugin://script.skinswitcher/")</favourite>
    <favourite name="Builds" thumb="special://home/addons/plugin.program.G.K.N.Wizard/resources/art/builds.png">ActivateWindow(10001,"plugin://plugin.program.G.K.N.Wizard/?mode=builds")</favourite>
    <favourite name="System Information" thumb="special://home/addons/plugin.image.World/resources/media/iloveimg-resized(2)/SysInfo.png">ActivateWindow(10001,"plugin://plugin.program.G.K.N.Wizard/?mode=systeminfo")</favourite>
</favourites>
